<?xml version="1.0" encoding="utf-8"?>
<!--/1127288/405177/2.49/3/4/Switch/-->
<quadcept_library>
  <setting unit="mil" />
  <textstyle name="Default" height="47.244094488189" strokewidth="7.8740157480315" charwidth="47.244094488189" />
  <textstyle name="Dimension" height="19.6850393700787" strokewidth="0" charwidth="19.6850393700787" />
  <textstyle name="H127W0635TH00762" height="50" strokewidth="3" charwidth="25" />
  <textstyle name="H15W15TH02" height="59.0551181102362" strokewidth="7.8740157480315" charwidth="59.0551181102362" />
  <padstyle name="c252_h168" surface="False" plated="True" isvia="False" nopaste="True" nomask="True" complex="False" holesize="66.141732283464">
    <padshape layer="TOP" shape="round" width="99.212598425196" height="99.212598425196" />
    <padshape layer="TOP_SOLDER_MASK" shape="round" width="107.08661417323" height="107.08661417323" />
    <padshape layer="INNER" shape="round" width="99.212598425196" height="99.212598425196" />
    <padshape layer="BOTTOM" shape="round" width="99.212598425196" height="99.212598425196" />
    <padshape layer="BOTTOM_SOLDER_MASK" shape="round" width="107.08661417323" height="107.08661417323" />
  </padstyle>
  <padstyle name="s252_h168" surface="False" plated="True" isvia="False" nopaste="True" nomask="True" complex="False" holesize="66.141732283464">
    <padshape layer="TOP" shape="square" width="99.212598425196" height="99.212598425196" />
    <padshape layer="TOP_SOLDER_MASK" shape="square" width="107.08661417323" height="107.08661417323" />
    <padshape layer="INNER" shape="square" width="99.212598425196" height="99.212598425196" />
    <padshape layer="BOTTOM" shape="square" width="99.212598425196" height="99.212598425196" />
    <padshape layer="BOTTOM_SOLDER_MASK" shape="square" width="107.08661417323" height="107.08661417323" />
  </padstyle>
  <footprint name="48ASSP3S1M2QBT" originx="0" originy="0" pickpointx="0" pickpointy="0">
    <pcbpin number="1" name="1" style="s252_h168" originx="0" originy="0" rotation="90" />
    <pcbpin number="2" name="2" style="c252_h168" originx="185.03937007874" originy="0" rotation="90" />
    <pcbpin number="3" name="3" style="c252_h168" originx="370.07874015748" originy="0" rotation="90" />
    <line layer="TOP_ASSEMBLY" originx="-64.960629921259" originy="129.92125984252" endx="435.03937007873" endy="129.92125984252" width="7.8740157480314" />
    <line layer="TOP_ASSEMBLY" originx="435.03937007873" originy="129.92125984252" endx="435.03937007873" endy="-129.92125984252" width="7.8740157480314" />
    <line layer="TOP_ASSEMBLY" originx="435.03937007873" originy="-129.92125984252" endx="-64.960629921259" endy="-129.92125984252" width="7.8740157480314" />
    <line layer="TOP_ASSEMBLY" originx="-64.960629921259" originy="-129.92125984252" endx="-64.960629921259" endy="129.92125984252" width="7.8740157480314" />
    <line layer="TOP_SILKSCREEN" originx="-64.960629921259" originy="129.92125984252" endx="435.03937007873" endy="129.92125984252" width="3.9370078740157" />
    <line layer="TOP_SILKSCREEN" originx="435.03937007873" originy="129.92125984252" endx="435.03937007873" endy="-129.92125984252" width="3.9370078740157" />
    <line layer="TOP_SILKSCREEN" originx="435.03937007873" originy="-129.92125984252" endx="-64.960629921259" endy="-129.92125984252" width="3.9370078740157" />
    <line layer="TOP_SILKSCREEN" originx="-64.960629921259" originy="-129.92125984252" endx="-64.960629921259" endy="129.92125984252" width="3.9370078740157" />
    <line layer="TOP_PLACE_BOUND" originx="-104.33070866142" originy="169.29133858268" endx="474.40944881889" endy="169.29133858268" width="3.9370078740157" />
    <line layer="TOP_PLACE_BOUND" originx="474.40944881889" originy="169.29133858268" endx="474.40944881889" endy="-169.29133858268" width="3.9370078740157" />
    <line layer="TOP_PLACE_BOUND" originx="474.40944881889" originy="-169.29133858268" endx="-104.33070866142" endy="-169.29133858268" width="3.9370078740157" />
    <line layer="TOP_PLACE_BOUND" originx="-104.33070866142" originy="-169.29133858268" endx="-104.33070866142" endy="169.29133858268" width="3.9370078740157" />
  </footprint>
  <symbol name="48ASSP3S1M2QBT" originx="0" originy="0">
    <line originx="200" originy="100" endx="700" endy="100" width="0" />
    <line originx="700" originy="-300" endx="700" endy="100" width="0" />
    <line originx="700" originy="-300" endx="200" endy="-300" width="0" />
    <line originx="200" originy="100" endx="200" endy="-300" width="0" />
    <sympin number="1" originx="200" originy="0" rotation="180" length="100" width="7.8740157480315" flipped="False">
      <text name="pinname" originx="230" originy="0" style="Default" rotation="0" justify="left" flipped="False" hidden="False" data="N.C." />
      <text name="pindes" originx="140" originy="20" style="Default" rotation="0" justify="lowerright" flipped="False" hidden="False" data="1" />
    </sympin>
    <sympin number="2" originx="200" originy="-100" rotation="180" length="100" width="7.8740157480315" flipped="False">
      <text name="pinname" originx="230" originy="-100" style="Default" rotation="0" justify="left" flipped="False" hidden="False" data="COM" />
      <text name="pindes" originx="140" originy="-80" style="Default" rotation="0" justify="lowerright" flipped="False" hidden="False" data="2" />
    </sympin>
    <sympin number="3" originx="200" originy="-200" rotation="180" length="100" width="7.8740157480315" flipped="False">
      <text name="pinname" originx="230" originy="-200" style="Default" rotation="0" justify="left" flipped="False" hidden="False" data="N.O." />
      <text name="pindes" originx="140" originy="-180" style="Default" rotation="0" justify="lowerright" flipped="False" hidden="False" data="3" />
    </sympin>
  </symbol>
  <component name="48ASSP3S1M2QBT" designatorprefix="S" height="449.99999999999" footprint="48ASSP3S1M2QBT">
    <comppin designator="1" sympin="1" pinswap="0" gateswap="0" gate="1" group="1" side="" type="Any" name="N.C." />
    <comppin designator="2" sympin="2" pinswap="0" gateswap="0" gate="1" group="1" side="" type="Any" name="COM" />
    <comppin designator="3" sympin="3" pinswap="0" gateswap="0" gate="1" group="1" side="" type="Any" name="N.O." />
    <attached_symbol gate="1" name="48ASSP3S1M2QBT" />
    <pinmap designator="1" footprintpin="1" />
    <pinmap designator="2" footprintpin="2" />
    <pinmap designator="3" footprintpin="3" />
    <text name="Datasheet" originx="0" originy="0" style="Default" rotation="0" justify="" flipped="False" hidden="True" data="http://www.grayhill.com/assets/1/7/48a_slide.pdf" />
    <text name="Description" originx="0" originy="0" style="Default" rotation="0" justify="" flipped="False" hidden="True" data="Slide Switches Slide Switch, SPDT, ON-OFF-ON, thru-hole, PC Mount, RoHS Compliant" />
    <text name="Manufacturer_Name" originx="0" originy="0" style="Default" rotation="0" justify="" flipped="False" hidden="True" data="Grayhill" />
    <text name="Manufacturer_Part_Number" originx="750" originy="200" style="Default" rotation="0" justify="left" flipped="False" hidden="False" data="48ASSP3S1M2QBT" />
    <text name="Mouser Part Number" originx="0" originy="0" style="Default" rotation="0" justify="" flipped="False" hidden="True" data="706-48ASSP3S1M2QBT" />
    <text name="Mouser Price/Stock" originx="0" originy="0" style="Default" rotation="0" justify="" flipped="False" hidden="True" data="https://www.mouser.co.uk/ProductDetail/Grayhill/48ASSP3S1M2QBT?qs=ls7QRyWmRk4lulZ551e6Sw%3D%3D" />
    <text name="Arrow Part Number" originx="0" originy="0" style="Default" rotation="0" justify="" flipped="False" hidden="True" data="48ASSP3S1M2QBT" />
    <text name="Arrow Price/Stock" originx="0" originy="0" style="Default" rotation="0" justify="" flipped="False" hidden="True" data="https://www.arrow.com/en/products/48assp3s1m2qbt/grayhill" />
  </component>
</quadcept_library>
