<?xml version="1.0" encoding="utf-8"?>
<!--/1042488/405177/2.49/4/4/Relay or Contactor/-->
<quadcept_library>
  <setting unit="mil" />
  <textstyle name="Default" height="47.244094488189" strokewidth="7.8740157480315" charwidth="47.244094488189" />
  <textstyle name="Dimension" height="19.6850393700787" strokewidth="0" charwidth="19.6850393700787" />
  <textstyle name="H127W0635TH00762" height="50" strokewidth="3" charwidth="25" />
  <textstyle name="H15W15TH02" height="59.0551181102362" strokewidth="7.8740157480315" charwidth="59.0551181102362" />
  <padstyle name="c170_h115" surface="False" plated="True" isvia="False" nopaste="True" nomask="True" complex="False" holesize="45.275590551181">
    <padshape layer="TOP" shape="round" width="66.929133858267" height="66.929133858267" />
    <padshape layer="TOP_SOLDER_MASK" shape="round" width="74.803149606298" height="74.803149606298" />
    <padshape layer="INNER" shape="round" width="66.929133858267" height="66.929133858267" />
    <padshape layer="BOTTOM" shape="round" width="66.929133858267" height="66.929133858267" />
    <padshape layer="BOTTOM_SOLDER_MASK" shape="round" width="74.803149606298" height="74.803149606298" />
  </padstyle>
  <footprint name="CPC1706Y" originx="0" originy="0" pickpointx="0" pickpointy="0">
    <pcbpin number="1" name="1" style="c170_h115" originx="-764.99999999999" originy="-69.999999999999" rotation="90" />
    <pcbpin number="2" name="2" style="c170_h115" originx="-664.99999999999" originy="-69.999999999999" rotation="90" />
    <pcbpin number="3" name="3" style="c170_h115" originx="-265" originy="-69.999999999999" rotation="90" />
    <pcbpin number="4" name="4" style="c170_h115" originx="-64.999999999999" originy="-69.999999999999" rotation="90" />
    <line layer="TOP_ASSEMBLY" originx="-829.99999999999" originy="0" endx="0" endy="0" width="7.8740157480314" />
    <line layer="TOP_ASSEMBLY" originx="0" originy="0" endx="0" endy="-130" width="7.8740157480314" />
    <line layer="TOP_ASSEMBLY" originx="0" originy="-130" endx="-829.99999999999" endy="-130" width="7.8740157480314" />
    <line layer="TOP_ASSEMBLY" originx="-829.99999999999" originy="-130" endx="-829.99999999999" endy="0" width="7.8740157480314" />
    <line layer="TOP_SILKSCREEN" originx="-829.99999999999" originy="0" endx="-829.99999999999" endy="-130" width="7.8740157480314" />
    <line layer="TOP_SILKSCREEN" originx="-829.99999999999" originy="-130" endx="0" endy="-130" width="7.8740157480314" />
    <line layer="TOP_SILKSCREEN" originx="0" originy="-130" endx="0" endy="0" width="7.8740157480314" />
    <line layer="TOP_SILKSCREEN" originx="0" originy="0" endx="-829.99999999999" endy="0" width="7.8740157480314" />
    <arc layer="TOP_SILKSCREEN" originx="-770.35433070865" originy="-157.51968503937" startangle="180" sweepangle="180" radius="3.9086614173228" width="7.8740157480314" />
    <arc layer="TOP_SILKSCREEN" originx="-770.35433070865" originy="-157.51968503937" startangle="180" sweepangle="-180" radius="3.9086614173228" width="7.8740157480314" />
  </footprint>
  <symbol name="CPC1705Y" originx="0" originy="0">
    <line originx="200" originy="100" endx="700" endy="100" width="0" />
    <line originx="700" originy="-400" endx="700" endy="100" width="0" />
    <line originx="700" originy="-400" endx="200" endy="-400" width="0" />
    <line originx="200" originy="100" endx="200" endy="-400" width="0" />
    <sympin number="1" originx="200" originy="0" rotation="180" length="100" width="7.8740157480315" flipped="False">
      <text name="pinname" originx="230" originy="0" style="Default" rotation="0" justify="left" flipped="False" hidden="False" data="-_1" />
      <text name="pindes" originx="140" originy="20" style="Default" rotation="0" justify="lowerright" flipped="False" hidden="False" data="1" />
    </sympin>
    <sympin number="2" originx="200" originy="-100" rotation="180" length="100" width="7.8740157480315" flipped="False">
      <text name="pinname" originx="230" originy="-100" style="Default" rotation="0" justify="left" flipped="False" hidden="False" data="+_1" />
      <text name="pindes" originx="140" originy="-80" style="Default" rotation="0" justify="lowerright" flipped="False" hidden="False" data="2" />
    </sympin>
    <sympin number="3" originx="200" originy="-200" rotation="180" length="100" width="7.8740157480315" flipped="False">
      <text name="pinname" originx="230" originy="-200" style="Default" rotation="0" justify="left" flipped="False" hidden="False" data="-_2" />
      <text name="pindes" originx="140" originy="-180" style="Default" rotation="0" justify="lowerright" flipped="False" hidden="False" data="3" />
    </sympin>
    <sympin number="4" originx="200" originy="-300" rotation="180" length="100" width="7.8740157480315" flipped="False">
      <text name="pinname" originx="230" originy="-300" style="Default" rotation="0" justify="left" flipped="False" hidden="False" data="+_2" />
      <text name="pindes" originx="140" originy="-280" style="Default" rotation="0" justify="lowerright" flipped="False" hidden="False" data="4" />
    </sympin>
  </symbol>
  <component name="CPC1705Y" designatorprefix="K" height="0" footprint="CPC1706Y">
    <comppin designator="1" sympin="1" pinswap="0" gateswap="0" gate="1" group="1" side="" type="Any" name="-_1" />
    <comppin designator="2" sympin="2" pinswap="0" gateswap="0" gate="1" group="1" side="" type="Any" name="+_1" />
    <comppin designator="3" sympin="3" pinswap="0" gateswap="0" gate="1" group="1" side="" type="Any" name="-_2" />
    <comppin designator="4" sympin="4" pinswap="0" gateswap="0" gate="1" group="1" side="" type="Any" name="+_2" />
    <attached_symbol gate="1" name="CPC1705Y" />
    <pinmap designator="1" footprintpin="1" />
    <pinmap designator="2" footprintpin="2" />
    <pinmap designator="3" footprintpin="3" />
    <pinmap designator="4" footprintpin="4" />
    <text name="Datasheet" originx="0" originy="0" style="Default" rotation="0" justify="" flipped="False" hidden="True" data="http://www.ixysic.com/home/pdfs.nsf/www/CPC1705Y.pdf/$file/CPC1705Y.pdf" />
    <text name="Description" originx="0" originy="0" style="Default" rotation="0" justify="" flipped="False" hidden="True" data="Solid State Relays - PCB Mount SinglePole Normally 60V/3.25A DC Relay" />
    <text name="Manufacturer_Name" originx="0" originy="0" style="Default" rotation="0" justify="" flipped="False" hidden="True" data="IXYS SEMICONDUCTOR" />
    <text name="Manufacturer_Part_Number" originx="750" originy="200" style="Default" rotation="0" justify="left" flipped="False" hidden="False" data="CPC1705Y" />
    <text name="Mouser Part Number" originx="0" originy="0" style="Default" rotation="0" justify="" flipped="False" hidden="True" data="849-CPC1705Y" />
    <text name="Mouser Price/Stock" originx="0" originy="0" style="Default" rotation="0" justify="" flipped="False" hidden="True" data="https://www.mouser.co.uk/ProductDetail/IXYS-Integrated-Circuits/CPC1705Y?qs=1mbolxNpo8eTewA87POs2g%3D%3D" />
    <text name="Arrow Part Number" originx="0" originy="0" style="Default" rotation="0" justify="" flipped="False" hidden="True" data="CPC1705Y" />
    <text name="Arrow Price/Stock" originx="0" originy="0" style="Default" rotation="0" justify="" flipped="False" hidden="True" data="https://www.arrow.com/en/products/cpc1705y/ixys" />
  </component>
</quadcept_library>
