<?xml version="1.0" encoding="utf-8"?>
<!--/1667575/405177/2.49/8/3/Capacitor/-->
<quadcept_library>
  <setting unit="mil" />
  <textstyle name="Default" height="47.244094488189" strokewidth="7.8740157480315" charwidth="47.244094488189" />
  <textstyle name="Dimension" height="19.6850393700787" strokewidth="0" charwidth="19.6850393700787" />
  <textstyle name="H127W0635TH00762" height="50" strokewidth="3" charwidth="25" />
  <textstyle name="H15W15TH02" height="59.0551181102362" strokewidth="7.8740157480315" charwidth="59.0551181102362" />
  <padstyle name="r165_65" surface="True" plated="False" isvia="False" nopaste="False" nomask="True" complex="False" holesize="0">
    <padshape layer="TOP" shape="rectangle" width="25.590551181102" height="64.960629921259" />
    <padshape layer="TOP_SOLDER_MASK" shape="rectangle" width="33.464566929133" height="72.83464566929" />
    <padshape layer="TOP_SOLDER_PASTE" shape="rectangle" width="25.590551181102" height="64.960629921259" />
  </padstyle>
  <footprint name="SOIC127P800X203-8N" originx="0" originy="0" pickpointx="0" pickpointy="0">
    <pcbpin number="1" name="1" style="r165_65" originx="-144.68503937008" originy="74.999999999999" rotation="90" />
    <pcbpin number="2" name="2" style="r165_65" originx="-144.68503937008" originy="25" rotation="90" />
    <pcbpin number="3" name="3" style="r165_65" originx="-144.68503937008" originy="-25" rotation="90" />
    <pcbpin number="4" name="4" style="r165_65" originx="-144.68503937008" originy="-74.999999999999" rotation="90" />
    <pcbpin number="5" name="5" style="r165_65" originx="144.68503937008" originy="-74.999999999999" rotation="90" />
    <pcbpin number="6" name="6" style="r165_65" originx="144.68503937008" originy="-25" rotation="90" />
    <pcbpin number="7" name="7" style="r165_65" originx="144.68503937008" originy="25" rotation="90" />
    <pcbpin number="8" name="8" style="r165_65" originx="144.68503937008" originy="74.999999999999" rotation="90" />
    <line layer="TOP_PLACE_BOUND" originx="-187.00787401575" originy="114.76377952756" endx="187.00787401575" endy="114.76377952756" width="1.9685039370079" />
    <line layer="TOP_PLACE_BOUND" originx="187.00787401575" originy="114.76377952756" endx="187.00787401575" endy="-114.76377952756" width="1.9685039370079" />
    <line layer="TOP_PLACE_BOUND" originx="187.00787401575" originy="-114.76377952756" endx="-187.00787401575" endy="-114.76377952756" width="1.9685039370079" />
    <line layer="TOP_PLACE_BOUND" originx="-187.00787401575" originy="-114.76377952756" endx="-187.00787401575" endy="114.76377952756" width="1.9685039370079" />
    <line layer="TOP_ASSEMBLY" originx="-103.93700787401" originy="102.95275590551" endx="103.93700787401" endy="102.95275590551" width="3.9370078740157" />
    <line layer="TOP_ASSEMBLY" originx="103.93700787401" originy="102.95275590551" endx="103.93700787401" endy="-102.95275590551" width="3.9370078740157" />
    <line layer="TOP_ASSEMBLY" originx="103.93700787401" originy="-102.95275590551" endx="-103.93700787401" endy="-102.95275590551" width="3.9370078740157" />
    <line layer="TOP_ASSEMBLY" originx="-103.93700787401" originy="-102.95275590551" endx="-103.93700787401" endy="102.95275590551" width="3.9370078740157" />
    <line layer="TOP_ASSEMBLY" originx="-103.93700787401" originy="52.952755905511" endx="-53.937007874015" endy="102.95275590551" width="3.9370078740157" />
    <line layer="TOP_SILKSCREEN" originx="-98.425196850392" originy="102.95275590551" endx="98.425196850392" endy="102.95275590551" width="7.8740157480314" />
    <line layer="TOP_SILKSCREEN" originx="98.425196850392" originy="102.95275590551" endx="98.425196850392" endy="-102.95275590551" width="7.8740157480314" />
    <line layer="TOP_SILKSCREEN" originx="98.425196850392" originy="-102.95275590551" endx="-98.425196850392" endy="-102.95275590551" width="7.8740157480314" />
    <line layer="TOP_SILKSCREEN" originx="-98.425196850392" originy="-102.95275590551" endx="-98.425196850392" endy="102.95275590551" width="7.8740157480314" />
    <line layer="TOP_SILKSCREEN" originx="-177.16535433071" originy="101.57480314961" endx="-112.20472440945" endy="101.57480314961" width="7.8740157480314" />
  </footprint>
  <symbol name="CY15B104QN-50SXIES" originx="0" originy="0">
    <line originx="200" originy="100" endx="800" endy="100" width="0" />
    <line originx="800" originy="-400" endx="800" endy="100" width="0" />
    <line originx="800" originy="-400" endx="200" endy="-400" width="0" />
    <line originx="200" originy="100" endx="200" endy="-400" width="0" />
    <sympin number="1" originx="200" originy="0" rotation="180" length="100" width="7.8740157480315" flipped="False">
      <text name="pinname" originx="230" originy="0" style="Default" rotation="0" justify="left" flipped="False" hidden="False" data="\CS" />
      <text name="pindes" originx="140" originy="20" style="Default" rotation="0" justify="lowerright" flipped="False" hidden="False" data="1" />
    </sympin>
    <sympin number="2" originx="200" originy="-100" rotation="180" length="100" width="7.8740157480315" flipped="False">
      <text name="pinname" originx="230" originy="-100" style="Default" rotation="0" justify="left" flipped="False" hidden="False" data="SO" />
      <text name="pindes" originx="140" originy="-80" style="Default" rotation="0" justify="lowerright" flipped="False" hidden="False" data="2" />
    </sympin>
    <sympin number="3" originx="200" originy="-200" rotation="180" length="100" width="7.8740157480315" flipped="False">
      <text name="pinname" originx="230" originy="-200" style="Default" rotation="0" justify="left" flipped="False" hidden="False" data="\WP" />
      <text name="pindes" originx="140" originy="-180" style="Default" rotation="0" justify="lowerright" flipped="False" hidden="False" data="3" />
    </sympin>
    <sympin number="4" originx="200" originy="-300" rotation="180" length="100" width="7.8740157480315" flipped="False">
      <text name="pinname" originx="230" originy="-300" style="Default" rotation="0" justify="left" flipped="False" hidden="False" data="VSS" />
      <text name="pindes" originx="140" originy="-280" style="Default" rotation="0" justify="lowerright" flipped="False" hidden="False" data="4" />
    </sympin>
    <sympin number="8" originx="800" originy="0" rotation="0" length="100" width="7.8740157480315" flipped="False">
      <text name="pinname" originx="770" originy="0" style="Default" rotation="0" justify="right" flipped="False" hidden="False" data="VDD" />
      <text name="pindes" originx="860" originy="20" style="Default" rotation="0" justify="lowerleft" flipped="False" hidden="False" data="8" />
    </sympin>
    <sympin number="7" originx="800" originy="-100" rotation="0" length="100" width="7.8740157480315" flipped="False">
      <text name="pinname" originx="770" originy="-100" style="Default" rotation="0" justify="right" flipped="False" hidden="False" data="DNU" />
      <text name="pindes" originx="860" originy="-80" style="Default" rotation="0" justify="lowerleft" flipped="False" hidden="False" data="7" />
    </sympin>
    <sympin number="6" originx="800" originy="-200" rotation="0" length="100" width="7.8740157480315" flipped="False">
      <text name="pinname" originx="770" originy="-200" style="Default" rotation="0" justify="right" flipped="False" hidden="False" data="SCK" />
      <text name="pindes" originx="860" originy="-180" style="Default" rotation="0" justify="lowerleft" flipped="False" hidden="False" data="6" />
    </sympin>
    <sympin number="5" originx="800" originy="-300" rotation="0" length="100" width="7.8740157480315" flipped="False">
      <text name="pinname" originx="770" originy="-300" style="Default" rotation="0" justify="right" flipped="False" hidden="False" data="SI" />
      <text name="pindes" originx="860" originy="-280" style="Default" rotation="0" justify="lowerleft" flipped="False" hidden="False" data="5" />
    </sympin>
  </symbol>
  <component name="CY15B104QN-50SXIES" designatorprefix="C" height="79.921259842519" footprint="SOIC127P800X203-8N">
    <comppin designator="1" sympin="1" pinswap="0" gateswap="0" gate="1" group="1" side="" type="Any" name="|CS" />
    <comppin designator="2" sympin="2" pinswap="0" gateswap="0" gate="1" group="1" side="" type="Any" name="SO" />
    <comppin designator="3" sympin="3" pinswap="0" gateswap="0" gate="1" group="1" side="" type="Any" name="|WP" />
    <comppin designator="4" sympin="4" pinswap="0" gateswap="0" gate="1" group="1" side="" type="Any" name="VSS" />
    <comppin designator="5" sympin="5" pinswap="0" gateswap="0" gate="1" group="1" side="" type="Any" name="SI" />
    <comppin designator="6" sympin="6" pinswap="0" gateswap="0" gate="1" group="1" side="" type="Any" name="SCK" />
    <comppin designator="7" sympin="7" pinswap="0" gateswap="0" gate="1" group="1" side="" type="Any" name="DNU" />
    <comppin designator="8" sympin="8" pinswap="0" gateswap="0" gate="1" group="1" side="" type="Any" name="VDD" />
    <attached_symbol gate="1" name="CY15B104QN-50SXIES" />
    <pinmap designator="1" footprintpin="1" />
    <pinmap designator="2" footprintpin="2" />
    <pinmap designator="3" footprintpin="3" />
    <pinmap designator="4" footprintpin="4" />
    <pinmap designator="5" footprintpin="5" />
    <pinmap designator="6" footprintpin="6" />
    <pinmap designator="7" footprintpin="7" />
    <pinmap designator="8" footprintpin="8" />
    <text name="Datasheet" originx="0" originy="0" style="Default" rotation="0" justify="" flipped="False" hidden="True" data="https://www.cypress.com/file/444216/download" />
    <text name="Description" originx="0" originy="0" style="Default" rotation="0" justify="" flipped="False" hidden="True" data="F-RAM 4Mb Indutrial Temp. 50MHz SPI 1.8-3.6V" />
    <text name="Manufacturer_Name" originx="0" originy="0" style="Default" rotation="0" justify="" flipped="False" hidden="True" data="Cypress Semiconductor" />
    <text name="Manufacturer_Part_Number" originx="850" originy="200" style="Default" rotation="0" justify="left" flipped="False" hidden="False" data="CY15B104QN-50SXIES" />
    <text name="Mouser Part Number" originx="0" originy="0" style="Default" rotation="0" justify="" flipped="False" hidden="True" data="727-CY15B104QN50SXI" />
    <text name="Mouser Price/Stock" originx="0" originy="0" style="Default" rotation="0" justify="" flipped="False" hidden="True" data="https://www.mouser.com/Search/Refine.aspx?Keyword=727-CY15B104QN50SXI" />
    <text name="Arrow Part Number" originx="0" originy="0" style="Default" rotation="0" justify="" flipped="False" hidden="True" data="CY15B104QN-50SXIES" />
    <text name="Arrow Price/Stock" originx="0" originy="0" style="Default" rotation="0" justify="" flipped="False" hidden="True" data="https://www.arrow.com/en/products/cy15b104qn-50sxies/cypress-semiconductor" />
  </component>
</quadcept_library>
