<?xml version="1.0" encoding="utf-8"?>
<!--/1134702/405177/2.49/8/4/Integrated Circuit/-->
<quadcept_library>
  <setting unit="mil" />
  <textstyle name="Default" height="47.244094488189" strokewidth="7.8740157480315" charwidth="47.244094488189" />
  <textstyle name="Dimension" height="19.6850393700787" strokewidth="0" charwidth="19.6850393700787" />
  <textstyle name="H127W0635TH00762" height="50" strokewidth="3" charwidth="25" />
  <textstyle name="H15W15TH02" height="59.0551181102362" strokewidth="7.8740157480315" charwidth="59.0551181102362" />
  <padstyle name="r205_80" surface="True" plated="False" isvia="False" nopaste="False" nomask="True" complex="False" holesize="0">
    <padshape layer="TOP" shape="rectangle" width="31.496062992126" height="80.708661417322" />
    <padshape layer="TOP_SOLDER_MASK" shape="rectangle" width="39.370078740157" height="88.582677165353" />
    <padshape layer="TOP_SOLDER_PASTE" shape="rectangle" width="31.496062992126" height="80.708661417322" />
  </padstyle>
  <footprint name="SOP254P991X494-8N" originx="0" originy="0" pickpointx="0" pickpointy="0">
    <pcbpin number="1" name="1" style="r205_80" originx="-174.21259842519" originy="150" rotation="90" />
    <pcbpin number="2" name="2" style="r205_80" originx="-174.21259842519" originy="49.999999999999" rotation="90" />
    <pcbpin number="3" name="3" style="r205_80" originx="-174.21259842519" originy="-49.999999999999" rotation="90" />
    <pcbpin number="4" name="4" style="r205_80" originx="-174.21259842519" originy="-150" rotation="90" />
    <pcbpin number="5" name="5" style="r205_80" originx="174.21259842519" originy="-150" rotation="90" />
    <pcbpin number="6" name="6" style="r205_80" originx="174.21259842519" originy="-49.999999999999" rotation="90" />
    <pcbpin number="7" name="7" style="r205_80" originx="174.21259842519" originy="49.999999999999" rotation="90" />
    <pcbpin number="8" name="8" style="r205_80" originx="174.21259842519" originy="150" rotation="90" />
    <line layer="TOP_PLACE_BOUND" originx="-224.40944881889" originy="194.68503937008" endx="224.40944881889" endy="194.68503937008" width="1.9685039370079" />
    <line layer="TOP_PLACE_BOUND" originx="224.40944881889" originy="194.68503937008" endx="224.40944881889" endy="-194.68503937008" width="1.9685039370079" />
    <line layer="TOP_PLACE_BOUND" originx="224.40944881889" originy="-194.68503937008" endx="-224.40944881889" endy="-194.68503937008" width="1.9685039370079" />
    <line layer="TOP_PLACE_BOUND" originx="-224.40944881889" originy="-194.68503937008" endx="-224.40944881889" endy="194.68503937008" width="1.9685039370079" />
    <line layer="TOP_ASSEMBLY" originx="-125" originy="182.48031496063" endx="125" endy="182.48031496063" width="3.9370078740157" />
    <line layer="TOP_ASSEMBLY" originx="125" originy="182.48031496063" endx="125" endy="-182.48031496063" width="3.9370078740157" />
    <line layer="TOP_ASSEMBLY" originx="125" originy="-182.48031496063" endx="-125" endy="-182.48031496063" width="3.9370078740157" />
    <line layer="TOP_ASSEMBLY" originx="-125" originy="-182.48031496063" endx="-125" endy="182.48031496063" width="3.9370078740157" />
    <line layer="TOP_ASSEMBLY" originx="-125" originy="82.480314960629" endx="-25" endy="182.48031496063" width="3.9370078740157" />
    <line layer="TOP_SILKSCREEN" originx="-120.07874015748" originy="182.48031496063" endx="120.07874015748" endy="182.48031496063" width="7.8740157480314" />
    <line layer="TOP_SILKSCREEN" originx="120.07874015748" originy="182.48031496063" endx="120.07874015748" endy="-182.48031496063" width="7.8740157480314" />
    <line layer="TOP_SILKSCREEN" originx="120.07874015748" originy="-182.48031496063" endx="-120.07874015748" endy="-182.48031496063" width="7.8740157480314" />
    <line layer="TOP_SILKSCREEN" originx="-120.07874015748" originy="-182.48031496063" endx="-120.07874015748" endy="182.48031496063" width="7.8740157480314" />
    <line layer="TOP_SILKSCREEN" originx="-214.56692913386" originy="179.52755905512" endx="-133.85826771653" endy="179.52755905512" width="7.8740157480314" />
  </footprint>
  <symbol name="PVDZ172NSPBF" originx="0" originy="0">
    <line originx="200" originy="100" endx="1200" endy="100" width="0" />
    <line originx="1200" originy="-400" endx="1200" endy="100" width="0" />
    <line originx="1200" originy="-400" endx="200" endy="-400" width="0" />
    <line originx="200" originy="100" endx="200" endy="-400" width="0" />
    <sympin number="1" originx="200" originy="0" rotation="180" length="100" width="7.8740157480315" flipped="False">
      <text name="pinname" originx="230" originy="0" style="Default" rotation="0" justify="left" flipped="False" hidden="False" data="NP_1" />
      <text name="pindes" originx="140" originy="20" style="Default" rotation="0" justify="lowerright" flipped="False" hidden="False" data="1" />
    </sympin>
    <sympin number="2" originx="200" originy="-100" rotation="180" length="100" width="7.8740157480315" flipped="False">
      <text name="pinname" originx="230" originy="-100" style="Default" rotation="0" justify="left" flipped="False" hidden="False" data="ANODE+" />
      <text name="pindes" originx="140" originy="-80" style="Default" rotation="0" justify="lowerright" flipped="False" hidden="False" data="2" />
    </sympin>
    <sympin number="3" originx="200" originy="-200" rotation="180" length="100" width="7.8740157480315" flipped="False">
      <text name="pinname" originx="230" originy="-200" style="Default" rotation="0" justify="left" flipped="False" hidden="False" data="CATHODE" />
      <text name="pindes" originx="140" originy="-180" style="Default" rotation="0" justify="lowerright" flipped="False" hidden="False" data="3" />
    </sympin>
    <sympin number="4" originx="200" originy="-300" rotation="180" length="100" width="7.8740157480315" flipped="False">
      <text name="pinname" originx="230" originy="-300" style="Default" rotation="0" justify="left" flipped="False" hidden="False" data="NP_2" />
      <text name="pindes" originx="140" originy="-280" style="Default" rotation="0" justify="lowerright" flipped="False" hidden="False" data="4" />
    </sympin>
    <sympin number="8" originx="1200" originy="0" rotation="0" length="100" width="7.8740157480315" flipped="False">
      <text name="pinname" originx="1170" originy="0" style="Default" rotation="0" justify="right" flipped="False" hidden="False" data="SOURCE-" />
      <text name="pindes" originx="1260" originy="20" style="Default" rotation="0" justify="lowerleft" flipped="False" hidden="False" data="8" />
    </sympin>
    <sympin number="7" originx="1200" originy="-100" rotation="0" length="100" width="7.8740157480315" flipped="False">
      <text name="pinname" originx="1170" originy="-100" style="Default" rotation="0" justify="right" flipped="False" hidden="False" data="NP_4" />
      <text name="pindes" originx="1260" originy="-80" style="Default" rotation="0" justify="lowerleft" flipped="False" hidden="False" data="7" />
    </sympin>
    <sympin number="6" originx="1200" originy="-200" rotation="0" length="100" width="7.8740157480315" flipped="False">
      <text name="pinname" originx="1170" originy="-200" style="Default" rotation="0" justify="right" flipped="False" hidden="False" data="NP_3" />
      <text name="pindes" originx="1260" originy="-180" style="Default" rotation="0" justify="lowerleft" flipped="False" hidden="False" data="6" />
    </sympin>
    <sympin number="5" originx="1200" originy="-300" rotation="0" length="100" width="7.8740157480315" flipped="False">
      <text name="pinname" originx="1170" originy="-300" style="Default" rotation="0" justify="right" flipped="False" hidden="False" data="DRAIN+" />
      <text name="pindes" originx="1260" originy="-280" style="Default" rotation="0" justify="lowerleft" flipped="False" hidden="False" data="5" />
    </sympin>
  </symbol>
  <component name="PVDZ172NSPBF" designatorprefix="IC" height="194.48818897638" footprint="SOP254P991X494-8N">
    <comppin designator="1" sympin="1" pinswap="0" gateswap="0" gate="1" group="1" side="" type="Any" name="NP_1" />
    <comppin designator="2" sympin="2" pinswap="0" gateswap="0" gate="1" group="1" side="" type="Any" name="ANODE+" />
    <comppin designator="3" sympin="3" pinswap="0" gateswap="0" gate="1" group="1" side="" type="Any" name="CATHODE" />
    <comppin designator="4" sympin="4" pinswap="0" gateswap="0" gate="1" group="1" side="" type="Any" name="NP_2" />
    <comppin designator="5" sympin="5" pinswap="0" gateswap="0" gate="1" group="1" side="" type="Any" name="DRAIN+" />
    <comppin designator="6" sympin="6" pinswap="0" gateswap="0" gate="1" group="1" side="" type="Any" name="NP_3" />
    <comppin designator="7" sympin="7" pinswap="0" gateswap="0" gate="1" group="1" side="" type="Any" name="NP_4" />
    <comppin designator="8" sympin="8" pinswap="0" gateswap="0" gate="1" group="1" side="" type="Any" name="SOURCE-" />
    <attached_symbol gate="1" name="PVDZ172NSPBF" />
    <pinmap designator="1" footprintpin="1" />
    <pinmap designator="2" footprintpin="2" />
    <pinmap designator="3" footprintpin="3" />
    <pinmap designator="4" footprintpin="4" />
    <pinmap designator="5" footprintpin="5" />
    <pinmap designator="6" footprintpin="6" />
    <pinmap designator="7" footprintpin="7" />
    <pinmap designator="8" footprintpin="8" />
    <text name="Datasheet" originx="0" originy="0" style="Default" rotation="0" justify="" flipped="False" hidden="True" data="https://www.infineon.com/dgdl/pvdz172.pdf?fileId=5546d462533600a401535683ba592934" />
    <text name="Description" originx="0" originy="0" style="Default" rotation="0" justify="" flipped="False" hidden="True" data="Infineon, PVDZ172NSPBF MOSFET Output Phototransistor, Surface Mount, 8-Pin DIP" />
    <text name="Manufacturer_Name" originx="0" originy="0" style="Default" rotation="0" justify="" flipped="False" hidden="True" data="Infineon" />
    <text name="Manufacturer_Part_Number" originx="1250" originy="200" style="Default" rotation="0" justify="left" flipped="False" hidden="False" data="PVDZ172NSPBF" />
    <text name="Mouser Part Number" originx="0" originy="0" style="Default" rotation="0" justify="" flipped="False" hidden="True" data="942-PVDZ172NSPBF" />
    <text name="Mouser Price/Stock" originx="0" originy="0" style="Default" rotation="0" justify="" flipped="False" hidden="True" data="https://www.mouser.com/Search/Refine.aspx?Keyword=942-PVDZ172NSPBF" />
    <text name="Arrow Part Number" originx="0" originy="0" style="Default" rotation="0" justify="" flipped="False" hidden="True" data="PVDZ172NSPBF" />
    <text name="Arrow Price/Stock" originx="0" originy="0" style="Default" rotation="0" justify="" flipped="False" hidden="True" data="https://www.arrow.com/en/products/pvdz172nspbf/infineon-technologies-ag" />
  </component>
</quadcept_library>
