<?xml version="1.0" encoding="utf-8"?>
<!--/1450816/405177/2.49/5/4/Connector/-->
<quadcept_library>
  <setting unit="mil" />
  <textstyle name="Default" height="47.244094488189" strokewidth="7.8740157480315" charwidth="47.244094488189" />
  <textstyle name="Dimension" height="19.6850393700787" strokewidth="0" charwidth="19.6850393700787" />
  <textstyle name="H127W0635TH00762" height="50" strokewidth="3" charwidth="25" />
  <textstyle name="H15W15TH02" height="59.0551181102362" strokewidth="7.8740157480315" charwidth="59.0551181102362" />
  <padstyle name="r290_100" surface="True" plated="False" isvia="False" nopaste="False" nomask="True" complex="False" holesize="0">
    <padshape layer="TOP" shape="rectangle" width="39.370078740157" height="114.17322834646" />
    <padshape layer="TOP_SOLDER_MASK" shape="rectangle" width="47.244094488188" height="122.04724409449" />
    <padshape layer="TOP_SOLDER_PASTE" shape="rectangle" width="39.370078740157" height="114.17322834646" />
  </padstyle>
  <padstyle name="c116.3_h232.6" surface="False" plated="True" isvia="False" nopaste="True" nomask="True" complex="False" holesize="91.574803149605">
    <padshape layer="TOP" shape="round" width="45.787401574803" height="45.787401574803" />
    <padshape layer="TOP_SOLDER_MASK" shape="round" width="53.661417322834" height="53.661417322834" />
    <padshape layer="INNER" shape="round" width="45.787401574803" height="45.787401574803" />
    <padshape layer="BOTTOM" shape="round" width="45.787401574803" height="45.787401574803" />
    <padshape layer="BOTTOM_SOLDER_MASK" shape="round" width="53.661417322834" height="53.661417322834" />
  </padstyle>
  <padstyle name="c45_h90" surface="False" plated="True" isvia="False" nopaste="True" nomask="True" complex="False" holesize="35.433070866141">
    <padshape layer="TOP" shape="round" width="17.716535433071" height="17.716535433071" />
    <padshape layer="TOP_SOLDER_MASK" shape="round" width="25.590551181102" height="25.590551181102" />
    <padshape layer="INNER" shape="round" width="17.716535433071" height="17.716535433071" />
    <padshape layer="BOTTOM" shape="round" width="17.716535433071" height="17.716535433071" />
    <padshape layer="BOTTOM_SOLDER_MASK" shape="round" width="25.590551181102" height="25.590551181102" />
  </padstyle>
  <padstyle name="r360_180" surface="True" plated="False" isvia="False" nopaste="False" nomask="True" complex="False" holesize="0">
    <padshape layer="TOP" shape="rectangle" width="70.866141732283" height="141.73228346457" />
    <padshape layer="TOP_SOLDER_MASK" shape="rectangle" width="78.740157480314" height="149.6062992126" />
    <padshape layer="TOP_SOLDER_PASTE" shape="rectangle" width="70.866141732283" height="141.73228346457" />
  </padstyle>
  <footprint name="BM03BPASS1TFTLFSN" originx="0" originy="0" pickpointx="0" pickpointy="0">
    <pcbpin number="1" name="1" style="r290_100" originx="78.740157480314" originy="121.06299212598" rotation="0" />
    <pcbpin number="2" name="2" style="r290_100" originx="0" originy="121.06299212598" rotation="0" />
    <pcbpin number="3" name="3" style="r290_100" originx="-78.740157480314" originy="121.06299212598" rotation="0" />
    <pcbpin number="4" name="MH1" style="c116.3_h232.6" originx="-167.32283464567" originy="71.850393700787" rotation="90" />
    <pcbpin number="5" name="MH2" style="c45_h90" originx="165.35433070866" originy="71.850393700787" rotation="90" />
    <pcbpin number="6" name="MP1" style="r360_180" originx="-171.25984251968" originy="-62.007874015747" rotation="0" />
    <pcbpin number="7" name="MP2" style="r360_180" originx="171.25984251968" originy="-62.007874015747" rotation="0" />
    <line layer="TOP_ASSEMBLY" originx="-196.85039370078" originy="103.34645669291" endx="196.85039370078" endy="103.34645669291" width="7.8740157480314" />
    <line layer="TOP_ASSEMBLY" originx="196.85039370078" originy="103.34645669291" endx="196.85039370078" endy="-121.06299212598" width="7.8740157480314" />
    <line layer="TOP_ASSEMBLY" originx="196.85039370078" originy="-121.06299212598" endx="-196.85039370078" endy="-121.06299212598" width="7.8740157480314" />
    <line layer="TOP_ASSEMBLY" originx="-196.85039370078" originy="-121.06299212598" endx="-196.85039370078" endy="103.34645669291" width="7.8740157480314" />
    <line layer="TOP_PLACE_BOUND" originx="-252.48031496063" originy="217.51968503937" endx="246.06299212598" endy="217.51968503937" width="3.9370078740157" />
    <line layer="TOP_PLACE_BOUND" originx="246.06299212598" originy="217.51968503937" endx="246.06299212598" endy="-172.24409448819" width="3.9370078740157" />
    <line layer="TOP_PLACE_BOUND" originx="246.06299212598" originy="-172.24409448819" endx="-252.48031496063" endy="-172.24409448819" width="3.9370078740157" />
    <line layer="TOP_PLACE_BOUND" originx="-252.48031496063" originy="-172.24409448819" endx="-252.48031496063" endy="217.51968503937" width="3.9370078740157" />
    <line layer="TOP_SILKSCREEN" originx="-98.425196850392" originy="-121.06299212598" endx="98.425196850392" endy="-121.06299212598" width="3.9370078740157" />
    <line layer="TOP_SILKSCREEN" originx="118.11023622047" originy="103.34645669291" endx="196.85039370078" endy="103.34645669291" width="3.9370078740157" />
    <line layer="TOP_SILKSCREEN" originx="196.85039370078" originy="103.34645669291" endx="196.85039370078" endy="36.417322834645" width="3.9370078740157" />
    <line layer="TOP_SILKSCREEN" originx="78.740157480314" originy="192.91338582677" endx="78.740157480314" endy="192.91338582677" width="7.8740157480314" />
    <arc layer="TOP_SILKSCREEN" originx="78.740157480314" originy="196.85039370078" startangle="-90.0" sweepangle="180.0" radius="3.9370078740157" width="7.8740157480314" />
    <line layer="TOP_SILKSCREEN" originx="78.740157480314" originy="200.7874015748" endx="78.740157480314" endy="200.7874015748" width="7.8740157480314" />
    <arc layer="TOP_SILKSCREEN" originx="78.740157480314" originy="196.85039370078" startangle="90.0" sweepangle="180.0" radius="3.9370078740157" width="7.8740157480314" />
  </footprint>
  <symbol name="BM03B-PASS-1-TFT__LF__SN_" originx="0" originy="0">
    <line originx="200" originy="100" endx="700" endy="100" width="0" />
    <line originx="700" originy="-300" endx="700" endy="100" width="0" />
    <line originx="700" originy="-300" endx="200" endy="-300" width="0" />
    <line originx="200" originy="100" endx="200" endy="-300" width="0" />
    <sympin number="1" originx="700" originy="-200" rotation="0" length="100" width="7.8740157480315" flipped="False">
      <text name="pinname" originx="670" originy="-200" style="Default" rotation="0" justify="right" flipped="False" hidden="False" data="1" />
      <text name="pindes" originx="760" originy="-180" style="Default" rotation="0" justify="lowerleft" flipped="False" hidden="False" data="1" />
    </sympin>
    <sympin number="2" originx="700" originy="-100" rotation="0" length="100" width="7.8740157480315" flipped="False">
      <text name="pinname" originx="670" originy="-100" style="Default" rotation="0" justify="right" flipped="False" hidden="False" data="2" />
      <text name="pindes" originx="760" originy="-80" style="Default" rotation="0" justify="lowerleft" flipped="False" hidden="False" data="2" />
    </sympin>
    <sympin number="3" originx="700" originy="0" rotation="0" length="100" width="7.8740157480315" flipped="False">
      <text name="pinname" originx="670" originy="0" style="Default" rotation="0" justify="right" flipped="False" hidden="False" data="3" />
      <text name="pindes" originx="760" originy="20" style="Default" rotation="0" justify="lowerleft" flipped="False" hidden="False" data="3" />
    </sympin>
    <sympin number="4" originx="200" originy="0" rotation="180" length="100" width="7.8740157480315" flipped="False">
      <text name="pinname" originx="230" originy="0" style="Default" rotation="0" justify="left" flipped="False" hidden="False" data="MP1" />
      <text name="pindes" originx="140" originy="20" style="Default" rotation="0" justify="lowerright" flipped="False" hidden="False" data="MP1" />
    </sympin>
    <sympin number="5" originx="200" originy="-100" rotation="180" length="100" width="7.8740157480315" flipped="False">
      <text name="pinname" originx="230" originy="-100" style="Default" rotation="0" justify="left" flipped="False" hidden="False" data="MP2" />
      <text name="pindes" originx="140" originy="-80" style="Default" rotation="0" justify="lowerright" flipped="False" hidden="False" data="MP2" />
    </sympin>
  </symbol>
  <component name="BM03B-PASS-1-TFT__LF__SN_" designatorprefix="J" height="346.45669291338" footprint="BM03BPASS1TFTLFSN">
    <comppin designator="1" sympin="1" pinswap="0" gateswap="0" gate="1" group="1" side="" type="Any" name="1" />
    <comppin designator="2" sympin="2" pinswap="0" gateswap="0" gate="1" group="1" side="" type="Any" name="2" />
    <comppin designator="3" sympin="3" pinswap="0" gateswap="0" gate="1" group="1" side="" type="Any" name="3" />
    <comppin designator="MP1" sympin="4" pinswap="0" gateswap="0" gate="1" group="1" side="" type="Any" name="MP1" />
    <comppin designator="MP2" sympin="5" pinswap="0" gateswap="0" gate="1" group="1" side="" type="Any" name="MP2" />
    <attached_symbol gate="1" name="BM03B-PASS-1-TFT__LF__SN_" />
    <pinmap designator="1" footprintpin="1" />
    <pinmap designator="2" footprintpin="2" />
    <pinmap designator="3" footprintpin="3" />
    <pinmap designator="MP1" footprintpin="4" />
    <pinmap designator="MP2" footprintpin="5" />
    <text name="Datasheet" originx="0" originy="0" style="Default" rotation="0" justify="" flipped="False" hidden="True" data="http://www.jst-mfg.com/product/pdf/eng/ePA-F.pdf" />
    <text name="Description" originx="0" originy="0" style="Default" rotation="0" justify="" flipped="False" hidden="True" data="Conn Shrouded Header HDR 3 POS 2mm Solder ST SMD T/R" />
    <text name="Manufacturer_Name" originx="0" originy="0" style="Default" rotation="0" justify="" flipped="False" hidden="True" data="JST (JAPAN SOLDERLESS TERMINALS)" />
    <text name="Manufacturer_Part_Number" originx="750" originy="200" style="Default" rotation="0" justify="left" flipped="False" hidden="False" data="BM03B-PASS-1-TFT (LF)(SN)" />
    <text name="Mouser Part Number" originx="0" originy="0" style="Default" rotation="0" justify="" flipped="False" hidden="True" data="" />
    <text name="Mouser Price/Stock" originx="0" originy="0" style="Default" rotation="0" justify="" flipped="False" hidden="True" data="" />
    <text name="Arrow Part Number" originx="0" originy="0" style="Default" rotation="0" justify="" flipped="False" hidden="True" data="BM03B-PASS-1-TFT (LF)(SN)" />
    <text name="Arrow Price/Stock" originx="0" originy="0" style="Default" rotation="0" justify="" flipped="False" hidden="True" data="https://www.arrow.com/en/products/bm03b-pass-1-tft-lf-sn/jst-manufacturing" />
  </component>
</quadcept_library>
