<?xml version="1.0" encoding="utf-8"?>
<!--/1335673/405177/2.49/3/4/Inductor/-->
<quadcept_library>
  <setting unit="mil" />
  <textstyle name="Default" height="47.244094488189" strokewidth="7.8740157480315" charwidth="47.244094488189" />
  <textstyle name="Dimension" height="19.6850393700787" strokewidth="0" charwidth="19.6850393700787" />
  <textstyle name="H127W0635TH00762" height="50" strokewidth="3" charwidth="25" />
  <textstyle name="H15W15TH02" height="59.0551181102362" strokewidth="7.8740157480315" charwidth="59.0551181102362" />
  <padstyle name="s240" surface="True" plated="False" isvia="False" nopaste="False" nomask="True" complex="False" holesize="0">
    <padshape layer="TOP" shape="square" width="94.488188976377" height="94.488188976377" />
    <padshape layer="TOP_SOLDER_MASK" shape="square" width="102.36220472441" height="102.36220472441" />
    <padshape layer="TOP_SOLDER_PASTE" shape="square" width="94.488188976377" height="94.488188976377" />
  </padstyle>
  <padstyle name="r290_200" surface="True" plated="False" isvia="False" nopaste="False" nomask="True" complex="False" holesize="0">
    <padshape layer="TOP" shape="rectangle" width="78.740157480314" height="114.17322834646" />
    <padshape layer="TOP_SOLDER_MASK" shape="rectangle" width="86.614173228345" height="122.04724409449" />
    <padshape layer="TOP_SOLDER_PASTE" shape="rectangle" width="78.740157480314" height="114.17322834646" />
  </padstyle>
  <footprint name="HCV1206R42R" originx="0" originy="0" pickpointx="0" pickpointy="0">
    <pcbpin number="1" name="1" style="s240" originx="-145.66929133858" originy="-153.54330708661" rotation="90" />
    <pcbpin number="2" name="2" style="s240" originx="-145.66929133858" originy="153.54330708661" rotation="90" />
    <pcbpin number="3" name="3" style="r290_200" originx="153.54330708661" originy="-0" rotation="0" />
    <line layer="TOP_ASSEMBLY" originx="-192.91338582677" originy="240.15748031496" endx="192.91338582677" endy="240.15748031496" width="7.8740157480314" />
    <line layer="TOP_ASSEMBLY" originx="192.91338582677" originy="240.15748031496" endx="192.91338582677" endy="-240.15748031496" width="7.8740157480314" />
    <line layer="TOP_ASSEMBLY" originx="192.91338582677" originy="-240.15748031496" endx="-192.91338582677" endy="-240.15748031496" width="7.8740157480314" />
    <line layer="TOP_ASSEMBLY" originx="-192.91338582677" originy="-240.15748031496" endx="-192.91338582677" endy="240.15748031496" width="7.8740157480314" />
    <line layer="TOP_PLACE_BOUND" originx="-259.84251968504" originy="279.52755905511" endx="232.28346456693" endy="279.52755905511" width="3.9370078740157" />
    <line layer="TOP_PLACE_BOUND" originx="232.28346456693" originy="279.52755905511" endx="232.28346456693" endy="-279.52755905511" width="3.9370078740157" />
    <line layer="TOP_PLACE_BOUND" originx="232.28346456693" originy="-279.52755905511" endx="-259.84251968504" endy="-279.52755905511" width="3.9370078740157" />
    <line layer="TOP_PLACE_BOUND" originx="-259.84251968504" originy="-279.52755905511" endx="-259.84251968504" endy="279.52755905511" width="3.9370078740157" />
    <line layer="TOP_SILKSCREEN" originx="-192.91338582677" originy="240.15748031496" endx="192.91338582677" endy="240.15748031496" width="3.9370078740157" />
    <line layer="TOP_SILKSCREEN" originx="-192.91338582677" originy="-240.15748031496" endx="192.91338582677" endy="-240.15748031496" width="3.9370078740157" />
    <line layer="TOP_SILKSCREEN" originx="192.91338582677" originy="-240.15748031496" endx="192.91338582677" endy="-99.999999999999" width="3.9370078740157" />
    <line layer="TOP_SILKSCREEN" originx="192.91338582677" originy="99.999999999999" endx="192.91338582677" endy="240.15748031496" width="3.9370078740157" />
    <line layer="TOP_SILKSCREEN" originx="-192.91338582677" originy="78.740157480314" endx="-192.91338582677" endy="-78.740157480314" width="3.9370078740157" />
    <line layer="TOP_SILKSCREEN" originx="-216.53543307086" originy="-153.54330708661" endx="-216.53543307086" endy="-153.54330708661" width="7.8740157480314" />
    <arc layer="TOP_SILKSCREEN" originx="-216.53543307086" originy="-157.48031496063" startangle="90.0" sweepangle="-180.0" radius="3.9370078740157" width="7.8740157480314" />
    <line layer="TOP_SILKSCREEN" originx="-216.53543307086" originy="-161.41732283464" endx="-216.53543307086" endy="-161.41732283464" width="7.8740157480314" />
    <arc layer="TOP_SILKSCREEN" originx="-216.53543307086" originy="-157.48031496063" startangle="-90.0" sweepangle="-180.0" radius="3.9370078740157" width="7.8740157480314" />
  </footprint>
  <symbol name="HCV1206-R42-R" originx="0" originy="0">
    <line originx="200" originy="100" endx="600" endy="100" width="0" />
    <line originx="600" originy="-200" endx="600" endy="100" width="0" />
    <line originx="600" originy="-200" endx="200" endy="-200" width="0" />
    <line originx="200" originy="100" endx="200" endy="-200" width="0" />
    <sympin number="1" originx="200" originy="-100" rotation="180" length="100" width="7.8740157480315" flipped="False">
      <text name="pinname" originx="230" originy="-100" style="Default" rotation="0" justify="left" flipped="False" hidden="False" data="1" />
      <text name="pindes" originx="140" originy="-80" style="Default" rotation="0" justify="lowerright" flipped="False" hidden="False" data="1" />
    </sympin>
    <sympin number="2" originx="200" originy="0" rotation="180" length="100" width="7.8740157480315" flipped="False">
      <text name="pinname" originx="230" originy="0" style="Default" rotation="0" justify="left" flipped="False" hidden="False" data="2" />
      <text name="pindes" originx="140" originy="20" style="Default" rotation="0" justify="lowerright" flipped="False" hidden="False" data="2" />
    </sympin>
    <sympin number="3" originx="600" originy="0" rotation="0" length="100" width="7.8740157480315" flipped="False">
      <text name="pinname" originx="570" originy="0" style="Default" rotation="0" justify="right" flipped="False" hidden="False" data="3" />
      <text name="pindes" originx="660" originy="20" style="Default" rotation="0" justify="lowerleft" flipped="False" hidden="False" data="3" />
    </sympin>
  </symbol>
  <component name="HCV1206-R42-R" designatorprefix="L" height="200.7874015748" footprint="HCV1206R42R">
    <comppin designator="1" sympin="1" pinswap="0" gateswap="0" gate="1" group="1" side="" type="Any" name="1" />
    <comppin designator="2" sympin="2" pinswap="0" gateswap="0" gate="1" group="1" side="" type="Any" name="2" />
    <comppin designator="3" sympin="3" pinswap="0" gateswap="0" gate="1" group="1" side="" type="Any" name="3" />
    <attached_symbol gate="1" name="HCV1206-R42-R" />
    <pinmap designator="1" footprintpin="1" />
    <pinmap designator="2" footprintpin="2" />
    <pinmap designator="3" footprintpin="3" />
    <text name="Datasheet" originx="0" originy="0" style="Default" rotation="0" justify="" flipped="False" hidden="True" data="https://www.arrow.com/en/products/hcv1206-r42-r/eaton" />
    <text name="Description" originx="0" originy="0" style="Default" rotation="0" justify="" flipped="False" hidden="True" data="Fixed Inductors .42uH 42A" />
    <text name="Manufacturer_Name" originx="0" originy="0" style="Default" rotation="0" justify="" flipped="False" hidden="True" data="Eaton" />
    <text name="Manufacturer_Part_Number" originx="650" originy="200" style="Default" rotation="0" justify="left" flipped="False" hidden="False" data="HCV1206-R42-R" />
    <text name="Mouser Part Number" originx="0" originy="0" style="Default" rotation="0" justify="" flipped="False" hidden="True" data="N/A" />
    <text name="Mouser Price/Stock" originx="0" originy="0" style="Default" rotation="0" justify="" flipped="False" hidden="True" data="https://www.mouser.co.uk/ProductDetail/Coiltronics-Eaton/HCV1206-R42-R?qs=d5w0Orft5Tq%252B3DGtysXXVA%3D%3D" />
    <text name="Arrow Part Number" originx="0" originy="0" style="Default" rotation="0" justify="" flipped="False" hidden="True" data="HCV1206-R42-R" />
    <text name="Arrow Price/Stock" originx="0" originy="0" style="Default" rotation="0" justify="" flipped="False" hidden="True" data="https://www.arrow.com/en/products/hcv1206-r42-r/eaton" />
  </component>
</quadcept_library>
