<?xml version="1.0" encoding="utf-8"?>
<!--/290743/405177/2.49/2/3/LED/-->
<quadcept_library>
  <setting unit="mil" />
  <textstyle name="Default" height="47.244094488189" strokewidth="7.8740157480315" charwidth="47.244094488189" />
  <textstyle name="Dimension" height="19.6850393700787" strokewidth="0" charwidth="19.6850393700787" />
  <textstyle name="H127W0635TH00762" height="50" strokewidth="3" charwidth="25" />
  <textstyle name="H15W15TH02" height="59.0551181102362" strokewidth="7.8740157480315" charwidth="59.0551181102362" />
  <padstyle name="r70_70" surface="True" plated="False" isvia="False" nopaste="False" nomask="True" complex="False" holesize="0">
    <padshape layer="TOP" shape="rectangle" width="27.55905511811" height="27.55905511811" />
    <padshape layer="TOP_SOLDER_MASK" shape="rectangle" width="35.433070866141" height="35.433070866141" />
    <padshape layer="TOP_SOLDER_PASTE" shape="rectangle" width="27.55905511811" height="27.55905511811" />
  </padstyle>
  <footprint name="LEDC1006X25N" originx="0" originy="0" pickpointx="0" pickpointy="0">
    <pcbpin number="1" name="1" style="r70_70" originx="-21.653543307086" originy="0" rotation="90" />
    <pcbpin number="2" name="2" style="r70_70" originx="21.653543307086" originy="0" rotation="90" />
    <line layer="TOP_PLACE_BOUND" originx="-53.149606299212" originy="31.496062992126" endx="53.149606299212" endy="31.496062992126" width="1.9685039370079" />
    <line layer="TOP_PLACE_BOUND" originx="53.149606299212" originy="31.496062992126" endx="53.149606299212" endy="-31.496062992126" width="1.9685039370079" />
    <line layer="TOP_PLACE_BOUND" originx="53.149606299212" originy="-31.496062992126" endx="-53.149606299212" endy="-31.496062992126" width="1.9685039370079" />
    <line layer="TOP_PLACE_BOUND" originx="-53.149606299212" originy="-31.496062992126" endx="-53.149606299212" endy="31.496062992126" width="1.9685039370079" />
    <line layer="TOP_ASSEMBLY" originx="-19.685039370078" originy="11.811023622047" endx="19.685039370078" endy="11.811023622047" width="3.9370078740157" />
    <line layer="TOP_ASSEMBLY" originx="19.685039370078" originy="11.811023622047" endx="19.685039370078" endy="-11.811023622047" width="3.9370078740157" />
    <line layer="TOP_ASSEMBLY" originx="19.685039370078" originy="-11.811023622047" endx="-19.685039370078" endy="-11.811023622047" width="3.9370078740157" />
    <line layer="TOP_ASSEMBLY" originx="-19.685039370078" originy="-11.811023622047" endx="-19.685039370078" endy="11.811023622047" width="3.9370078740157" />
    <line layer="TOP_ASSEMBLY" originx="-19.685039370078" originy="3.9370078740157" endx="-11.811023622047" endy="11.811023622047" width="3.9370078740157" />
    <line layer="TOP_SILKSCREEN" originx="21.653543307086" originy="27.55905511811" endx="-49.212598425196" endy="27.55905511811" width="7.8740157480314" />
    <line layer="TOP_SILKSCREEN" originx="-49.212598425196" originy="27.55905511811" endx="-49.212598425196" endy="-27.55905511811" width="7.8740157480314" />
    <line layer="TOP_SILKSCREEN" originx="-49.212598425196" originy="-27.55905511811" endx="21.653543307086" endy="-27.55905511811" width="7.8740157480314" />
  </footprint>
  <symbol name="SML-P11MTT86R" originx="0" originy="0">
    <line originx="200" originy="100" endx="200" endy="-100" width="0" />
    <line originx="250" originy="100" endx="150" endy="200" width="0" />
    <line originx="350" originy="100" endx="250" endy="200" width="0" />
    <line originx="100" originy="0" endx="200" endy="0" width="0" />
    <line originx="400" originy="0" endx="500" endy="0" width="0" />
    <sympin number="1" originx="100" originy="0" rotation="180" length="100" width="7.8740157480315" flipped="False">
      <text name="pinname" originx="10" originy="-10" style="Default" rotation="0" justify="upperleft" flipped="False" hidden="True" data="K" />
      <text name="pindes" originx="60" originy="10" style="Default" rotation="0" justify="lowerright" flipped="False" hidden="False" data="1" />
    </sympin>
    <sympin number="2" originx="500" originy="0" rotation="0" length="100" width="7.8740157480315" flipped="False">
      <text name="pinname" originx="590" originy="-10" style="Default" rotation="0" justify="upperright" flipped="False" hidden="True" data="A" />
      <text name="pindes" originx="540" originy="10" style="Default" rotation="0" justify="lowerleft" flipped="False" hidden="False" data="2" />
    </sympin>
    <polygon type="polygon">
      <point x="200" y="0" />
      <point x="400" y="100" />
      <point x="400" y="-100" />
    </polygon>
    <polygon type="polygon">
      <point x="210" y="170" />
      <point x="180" y="140" />
      <point x="150" y="200" />
    </polygon>
    <polygon type="polygon">
      <point x="310" y="170" />
      <point x="280" y="140" />
      <point x="250" y="200" />
    </polygon>
  </symbol>
  <component name="SML-P11MTT86R" designatorprefix="LED" height="9.8425196850392" footprint="LEDC1006X25N">
    <comppin designator="1" sympin="1" pinswap="0" gateswap="0" gate="1" group="1" side="" type="Any" name="K" />
    <comppin designator="2" sympin="2" pinswap="0" gateswap="0" gate="1" group="1" side="" type="Any" name="A" />
    <attached_symbol gate="1" name="SML-P11MTT86R" />
    <pinmap designator="1" footprintpin="1" />
    <pinmap designator="2" footprintpin="2" />
    <text name="Datasheet" originx="0" originy="0" style="Default" rotation="0" justify="" flipped="False" hidden="True" data="https://www.rohm.com/datasheet/SML-P11MT(R)/sml-p11-e" />
    <text name="Description" originx="0" originy="0" style="Default" rotation="0" justify="" flipped="False" hidden="True" data="ROHM - SML-P11MTT86R - LED, YELLOW GREEN, 2.1MCD, 569NM, 0402" />
    <text name="Manufacturer_Name" originx="0" originy="0" style="Default" rotation="0" justify="" flipped="False" hidden="True" data="ROHM Semiconductor" />
    <text name="Manufacturer_Part_Number" originx="500" originy="250" style="Default" rotation="0" justify="lowerleft" flipped="False" hidden="False" data="SML-P11MTT86R" />
    <text name="Mouser Part Number" originx="0" originy="0" style="Default" rotation="0" justify="" flipped="False" hidden="True" data="755-SML-P11MTT86R" />
    <text name="Mouser Price/Stock" originx="0" originy="0" style="Default" rotation="0" justify="" flipped="False" hidden="True" data="https://www.mouser.co.uk/ProductDetail/ROHM-Semiconductor/SML-P11MTT86R?qs=Ei%2Fnxee9QYjTp1Nxjct8oA%3D%3D" />
    <text name="Arrow Part Number" originx="0" originy="0" style="Default" rotation="0" justify="" flipped="False" hidden="True" data="" />
    <text name="Arrow Price/Stock" originx="0" originy="0" style="Default" rotation="0" justify="" flipped="False" hidden="True" data="" />
  </component>
</quadcept_library>
