<?xml version="1.0" encoding="utf-8"?>
<!--/1783792/405177/2.49/5/4/Connector/-->
<quadcept_library>
  <setting unit="mil" />
  <textstyle name="Default" height="47.244094488189" strokewidth="7.8740157480315" charwidth="47.244094488189" />
  <textstyle name="Dimension" height="19.6850393700787" strokewidth="0" charwidth="19.6850393700787" />
  <textstyle name="H127W0635TH00762" height="50" strokewidth="3" charwidth="25" />
  <textstyle name="H15W15TH02" height="59.0551181102362" strokewidth="7.8740157480315" charwidth="59.0551181102362" />
  <padstyle name="r290_100" surface="True" plated="False" isvia="False" nopaste="False" nomask="True" complex="False" holesize="0">
    <padshape layer="TOP" shape="rectangle" width="39.370078740157" height="114.17322834646" />
    <padshape layer="TOP_SOLDER_MASK" shape="rectangle" width="47.244094488188" height="122.04724409449" />
    <padshape layer="TOP_SOLDER_PASTE" shape="rectangle" width="39.370078740157" height="114.17322834646" />
  </padstyle>
  <padstyle name="r360_180" surface="True" plated="False" isvia="False" nopaste="False" nomask="True" complex="False" holesize="0">
    <padshape layer="TOP" shape="rectangle" width="70.866141732283" height="141.73228346457" />
    <padshape layer="TOP_SOLDER_MASK" shape="rectangle" width="78.740157480314" height="149.6062992126" />
    <padshape layer="TOP_SOLDER_PASTE" shape="rectangle" width="70.866141732283" height="141.73228346457" />
  </padstyle>
  <footprint name="BM03BPASSTFTLFSN" originx="0" originy="0" pickpointx="0" pickpointy="0">
    <pcbpin number="1" name="1" style="r290_100" originx="-78.740157480314" originy="136.81102362205" rotation="0" />
    <pcbpin number="2" name="2" style="r290_100" originx="0" originy="136.81102362205" rotation="0" />
    <pcbpin number="3" name="3" style="r290_100" originx="78.740157480314" originy="136.81102362205" rotation="0" />
    <pcbpin number="4" name="MP1" style="r360_180" originx="-171.25984251968" originy="-46.259842519684" rotation="0" />
    <pcbpin number="5" name="MP2" style="r360_180" originx="171.25984251968" originy="-46.259842519684" rotation="0" />
    <line layer="TOP_ASSEMBLY" originx="-196.85039370078" originy="87.598425196849" endx="196.85039370078" endy="87.598425196849" width="7.8740157480314" />
    <line layer="TOP_ASSEMBLY" originx="196.85039370078" originy="87.598425196849" endx="196.85039370078" endy="-136.81102362205" width="7.8740157480314" />
    <line layer="TOP_ASSEMBLY" originx="196.85039370078" originy="-136.81102362205" endx="-196.85039370078" endy="-136.81102362205" width="7.8740157480314" />
    <line layer="TOP_ASSEMBLY" originx="-196.85039370078" originy="-136.81102362205" endx="-196.85039370078" endy="87.598425196849" width="7.8740157480314" />
    <line layer="TOP_PLACE_BOUND" originx="-238.18897637795" originy="225.3937007874" endx="238.18897637795" endy="225.3937007874" width="3.9370078740157" />
    <line layer="TOP_PLACE_BOUND" originx="238.18897637795" originy="225.3937007874" endx="238.18897637795" endy="-168.30708661417" width="3.9370078740157" />
    <line layer="TOP_PLACE_BOUND" originx="238.18897637795" originy="-168.30708661417" endx="-238.18897637795" endy="-168.30708661417" width="3.9370078740157" />
    <line layer="TOP_PLACE_BOUND" originx="-238.18897637795" originy="-168.30708661417" endx="-238.18897637795" endy="225.3937007874" width="3.9370078740157" />
    <line layer="TOP_SILKSCREEN" originx="-196.85039370078" originy="-136.81102362205" endx="196.85039370078" endy="-136.81102362205" width="3.9370078740157" />
    <line layer="TOP_SILKSCREEN" originx="-196.85039370078" originy="48.228346456692" endx="-196.85039370078" endy="87.598425196849" width="3.9370078740157" />
    <line layer="TOP_SILKSCREEN" originx="-196.85039370078" originy="87.598425196849" endx="-137.79527559055" endy="87.598425196849" width="3.9370078740157" />
    <line layer="TOP_SILKSCREEN" originx="196.85039370078" originy="48.228346456692" endx="196.85039370078" endy="87.598425196849" width="3.9370078740157" />
    <line layer="TOP_SILKSCREEN" originx="196.85039370078" originy="87.598425196849" endx="137.79527559055" endy="87.598425196849" width="3.9370078740157" />
  </footprint>
  <symbol name="BM03B-PASS-TFT__LF__SN_" originx="0" originy="0">
    <line originx="200" originy="100" endx="700" endy="100" width="0" />
    <line originx="700" originy="-300" endx="700" endy="100" width="0" />
    <line originx="700" originy="-300" endx="200" endy="-300" width="0" />
    <line originx="200" originy="100" endx="200" endy="-300" width="0" />
    <sympin number="1" originx="700" originy="0" rotation="0" length="100" width="7.8740157480315" flipped="False">
      <text name="pinname" originx="670" originy="0" style="Default" rotation="0" justify="right" flipped="False" hidden="False" data="1" />
      <text name="pindes" originx="760" originy="20" style="Default" rotation="0" justify="lowerleft" flipped="False" hidden="False" data="1" />
    </sympin>
    <sympin number="2" originx="700" originy="-100" rotation="0" length="100" width="7.8740157480315" flipped="False">
      <text name="pinname" originx="670" originy="-100" style="Default" rotation="0" justify="right" flipped="False" hidden="False" data="2" />
      <text name="pindes" originx="760" originy="-80" style="Default" rotation="0" justify="lowerleft" flipped="False" hidden="False" data="2" />
    </sympin>
    <sympin number="3" originx="700" originy="-200" rotation="0" length="100" width="7.8740157480315" flipped="False">
      <text name="pinname" originx="670" originy="-200" style="Default" rotation="0" justify="right" flipped="False" hidden="False" data="3" />
      <text name="pindes" originx="760" originy="-180" style="Default" rotation="0" justify="lowerleft" flipped="False" hidden="False" data="3" />
    </sympin>
    <sympin number="4" originx="200" originy="0" rotation="180" length="100" width="7.8740157480315" flipped="False">
      <text name="pinname" originx="230" originy="0" style="Default" rotation="0" justify="left" flipped="False" hidden="False" data="MP1" />
      <text name="pindes" originx="140" originy="20" style="Default" rotation="0" justify="lowerright" flipped="False" hidden="False" data="MP1" />
    </sympin>
    <sympin number="5" originx="200" originy="-100" rotation="180" length="100" width="7.8740157480315" flipped="False">
      <text name="pinname" originx="230" originy="-100" style="Default" rotation="0" justify="left" flipped="False" hidden="False" data="MP2" />
      <text name="pindes" originx="140" originy="-80" style="Default" rotation="0" justify="lowerright" flipped="False" hidden="False" data="MP2" />
    </sympin>
  </symbol>
  <component name="BM03B-PASS-TFT__LF__SN_" designatorprefix="J" height="350.3937007874" footprint="BM03BPASSTFTLFSN">
    <comppin designator="1" sympin="1" pinswap="0" gateswap="0" gate="1" group="1" side="" type="Any" name="1" />
    <comppin designator="2" sympin="2" pinswap="0" gateswap="0" gate="1" group="1" side="" type="Any" name="2" />
    <comppin designator="3" sympin="3" pinswap="0" gateswap="0" gate="1" group="1" side="" type="Any" name="3" />
    <comppin designator="MP1" sympin="4" pinswap="0" gateswap="0" gate="1" group="1" side="" type="Any" name="MP1" />
    <comppin designator="MP2" sympin="5" pinswap="0" gateswap="0" gate="1" group="1" side="" type="Any" name="MP2" />
    <attached_symbol gate="1" name="BM03B-PASS-TFT__LF__SN_" />
    <pinmap designator="1" footprintpin="1" />
    <pinmap designator="2" footprintpin="2" />
    <pinmap designator="3" footprintpin="3" />
    <pinmap designator="MP1" footprintpin="4" />
    <pinmap designator="MP2" footprintpin="5" />
    <text name="Datasheet" originx="0" originy="0" style="Default" rotation="0" justify="" flipped="False" hidden="True" data="http://www.jst-mfg.com/product/pdf/eng/ePA-F.pdf" />
    <text name="Description" originx="0" originy="0" style="Default" rotation="0" justify="" flipped="False" hidden="True" data="Conn Shrouded Header HDR 3 POS 2mm Solder ST SMD T/R" />
    <text name="Manufacturer_Name" originx="0" originy="0" style="Default" rotation="0" justify="" flipped="False" hidden="True" data="JST (JAPAN SOLDERLESS TERMINALS)" />
    <text name="Manufacturer_Part_Number" originx="750" originy="200" style="Default" rotation="0" justify="left" flipped="False" hidden="False" data="BM03B-PASS-TFT (LF)(SN)" />
    <text name="Mouser Part Number" originx="0" originy="0" style="Default" rotation="0" justify="" flipped="False" hidden="True" data="" />
    <text name="Mouser Price/Stock" originx="0" originy="0" style="Default" rotation="0" justify="" flipped="False" hidden="True" data="" />
    <text name="Arrow Part Number" originx="0" originy="0" style="Default" rotation="0" justify="" flipped="False" hidden="True" data="BM03B-PASS-TFT (LF)(SN)" />
    <text name="Arrow Price/Stock" originx="0" originy="0" style="Default" rotation="0" justify="" flipped="False" hidden="True" data="https://www.arrow.com/en/products/bm03b-pass-tft-lf-sn/jst-manufacturing" />
  </component>
</quadcept_library>
