<?xml version="1.0" encoding="utf-8"?>
<!--/362741/405177/2.49/2/4/Capacitor Polarised/-->
<quadcept_library>
  <setting unit="mil" />
  <textstyle name="Default" height="47.244094488189" strokewidth="7.8740157480315" charwidth="47.244094488189" />
  <textstyle name="Dimension" height="19.6850393700787" strokewidth="0" charwidth="19.6850393700787" />
  <textstyle name="H127W0635TH00762" height="50" strokewidth="3" charwidth="25" />
  <textstyle name="H15W15TH02" height="59.0551181102362" strokewidth="7.8740157480315" charwidth="59.0551181102362" />
  <padstyle name="r250_230" surface="True" plated="False" isvia="False" nopaste="False" nomask="True" complex="False" holesize="0">
    <padshape layer="TOP" shape="rectangle" width="90.551181102361" height="98.425196850392" />
    <padshape layer="TOP_SOLDER_MASK" shape="rectangle" width="98.425196850392" height="106.29921259842" />
    <padshape layer="TOP_SOLDER_PASTE" shape="rectangle" width="90.551181102361" height="98.425196850392" />
  </padstyle>
  <footprint name="CAPPM7344X430N" originx="0" originy="0" pickpointx="0" pickpointy="0">
    <pcbpin number="1" name="1" style="r250_230" originx="-122.04724409449" originy="0" rotation="0" />
    <pcbpin number="2" name="2" style="r250_230" originx="122.04724409449" originy="0" rotation="0" />
    <line layer="TOP_PLACE_BOUND" originx="-177.16535433071" originy="98.425196850392" endx="177.16535433071" endy="98.425196850392" width="1.9685039370079" />
    <line layer="TOP_PLACE_BOUND" originx="177.16535433071" originy="98.425196850392" endx="177.16535433071" endy="-98.425196850392" width="1.9685039370079" />
    <line layer="TOP_PLACE_BOUND" originx="177.16535433071" originy="-98.425196850392" endx="-177.16535433071" endy="-98.425196850392" width="1.9685039370079" />
    <line layer="TOP_PLACE_BOUND" originx="-177.16535433071" originy="-98.425196850392" endx="-177.16535433071" endy="98.425196850392" width="1.9685039370079" />
    <line layer="TOP_ASSEMBLY" originx="-143.70078740157" originy="85.629921259841" endx="143.70078740157" endy="85.629921259841" width="3.9370078740157" />
    <line layer="TOP_ASSEMBLY" originx="143.70078740157" originy="85.629921259841" endx="143.70078740157" endy="-85.629921259841" width="3.9370078740157" />
    <line layer="TOP_ASSEMBLY" originx="143.70078740157" originy="-85.629921259841" endx="-143.70078740157" endy="-85.629921259841" width="3.9370078740157" />
    <line layer="TOP_ASSEMBLY" originx="-143.70078740157" originy="-85.629921259841" endx="-143.70078740157" endy="85.629921259841" width="3.9370078740157" />
    <line layer="TOP_ASSEMBLY" originx="-143.70078740157" originy="40.354330708661" endx="-98.425196850392" endy="85.629921259841" width="3.9370078740157" />
    <line layer="TOP_SILKSCREEN" originx="143.70078740157" originy="85.629921259841" endx="-167.32283464567" endy="85.629921259841" width="7.8740157480314" />
    <line layer="TOP_SILKSCREEN" originx="-143.70078740157" originy="-85.629921259841" endx="143.70078740157" endy="-85.629921259841" width="7.8740157480314" />
  </footprint>
  <symbol name="TPME107K020R0035" originx="0" originy="0">
    <line originx="200" originy="100" endx="200" endy="-100" width="0" />
    <line originx="230" originy="-100" endx="200" endy="-100" width="0" />
    <line originx="230" originy="-100" endx="230" endy="100" width="0" />
    <line originx="200" originy="100" endx="230" endy="100" width="0" />
    <line originx="180" originy="50" endx="140" endy="50" width="0" />
    <line originx="160" originy="70" endx="160" endy="30" width="0" />
    <line originx="100" originy="0" endx="200" endy="0" width="0" />
    <line originx="300" originy="0" endx="400" endy="0" width="0" />
    <sympin number="1" originx="100" originy="0" rotation="180" length="100" width="7.8740157480315" flipped="False">
      <text name="pinname" originx="0" originy="-10" style="Default" rotation="0" justify="upperleft" flipped="False" hidden="True" data="+" />
      <text name="pindes" originx="0" originy="10" style="Default" rotation="0" justify="lowerleft" flipped="False" hidden="False" data="1" />
    </sympin>
    <sympin number="2" originx="400" originy="0" rotation="0" length="100" width="7.8740157480315" flipped="False">
      <text name="pinname" originx="500" originy="-10" style="Default" rotation="0" justify="upperright" flipped="False" hidden="True" data="-" />
      <text name="pindes" originx="500" originy="10" style="Default" rotation="0" justify="lowerright" flipped="False" hidden="False" data="2" />
    </sympin>
    <polygon type="polygon">
      <point x="300" y="100" />
      <point x="300" y="-100" />
      <point x="270" y="-100" />
      <point x="270" y="100" />
    </polygon>
  </symbol>
  <component name="TPME107K020R0035" designatorprefix="C" height="169.29133858268" footprint="CAPPM7344X430N">
    <comppin designator="1" sympin="1" pinswap="0" gateswap="0" gate="1" group="1" side="" type="Any" name="+" />
    <comppin designator="2" sympin="2" pinswap="0" gateswap="0" gate="1" group="1" side="" type="Any" name="-" />
    <attached_symbol gate="1" name="TPME107K020R0035" />
    <pinmap designator="1" footprintpin="1" />
    <pinmap designator="2" footprintpin="2" />
    <text name="Datasheet" originx="0" originy="0" style="Default" rotation="0" justify="" flipped="False" hidden="True" data="http://datasheets.avx.com/TPM.pdf" />
    <text name="Description" originx="0" originy="0" style="Default" rotation="0" justify="" flipped="False" hidden="True" data="Tantalum,20V,100uF,TPME107K020R0035 AVX 100uF SMD Solid MnO2 Tantalum Electrolytic Capacitor, 20 V dc +/-10%, TPM Series" />
    <text name="Manufacturer_Name" originx="0" originy="0" style="Default" rotation="0" justify="" flipped="False" hidden="True" data="AVX" />
    <text name="Manufacturer_Part_Number" originx="350" originy="150" style="Default" rotation="0" justify="left" flipped="False" hidden="False" data="TPME107K020R0035" />
    <text name="Mouser Part Number" originx="0" originy="0" style="Default" rotation="0" justify="" flipped="False" hidden="True" data="581-TPME107K020R0035" />
    <text name="Mouser Price/Stock" originx="0" originy="0" style="Default" rotation="0" justify="" flipped="False" hidden="True" data="https://www.mouser.com/Search/Refine.aspx?Keyword=581-TPME107K020R0035" />
    <text name="Arrow Part Number" originx="0" originy="0" style="Default" rotation="0" justify="" flipped="False" hidden="True" data="TPME107K020R0035" />
    <text name="Arrow Price/Stock" originx="0" originy="0" style="Default" rotation="0" justify="" flipped="False" hidden="True" data="https://www.arrow.com/en/products/tpme107k020r0035/avx" />
  </component>
</quadcept_library>
