<?xml version="1.0" encoding="utf-8"?>
<!--/1149675/405177/2.49/108/4/Integrated Circuit/-->
<quadcept_library>
  <setting unit="mil" />
  <textstyle name="Default" height="47.244094488189" strokewidth="7.8740157480315" charwidth="47.244094488189" />
  <textstyle name="Dimension" height="19.6850393700787" strokewidth="0" charwidth="19.6850393700787" />
  <textstyle name="H127W0635TH00762" height="50" strokewidth="3" charwidth="25" />
  <textstyle name="H15W15TH02" height="59.0551181102362" strokewidth="7.8740157480315" charwidth="59.0551181102362" />
  <padstyle name="s55" surface="True" plated="False" isvia="False" nopaste="False" nomask="True" complex="False" holesize="0">
    <padshape layer="TOP" shape="square" width="21.653543307086" height="21.653543307086" />
    <padshape layer="TOP_SOLDER_MASK" shape="square" width="29.527559055118" height="29.527559055118" />
    <padshape layer="TOP_SOLDER_PASTE" shape="square" width="21.653543307086" height="21.653543307086" />
  </padstyle>
  <footprint name="PI374000LGIZ" originx="0" originy="0" pickpointx="0" pickpointy="0">
    <pcbpin number="1" name="A1" style="s55" originx="-165.35433070866" originy="255.90551181102" rotation="90" />
    <pcbpin number="2" name="A2" style="s55" originx="-165.35433070866" originy="216.53543307086" rotation="90" />
    <pcbpin number="3" name="A3" style="s55" originx="-165.35433070866" originy="177.16535433071" rotation="90" />
    <pcbpin number="4" name="A4" style="s55" originx="-165.35433070866" originy="137.79527559055" rotation="90" />
    <pcbpin number="5" name="A5" style="s55" originx="-165.35433070866" originy="98.425196850392" rotation="90" />
    <pcbpin number="6" name="A6" style="s55" originx="-165.35433070866" originy="59.055118110235" rotation="90" />
    <pcbpin number="7" name="A7" style="s55" originx="-165.35433070866" originy="19.685039370078" rotation="90" />
    <pcbpin number="8" name="A8" style="s55" originx="-165.35433070866" originy="-19.685039370078" rotation="90" />
    <pcbpin number="9" name="A9" style="s55" originx="-165.35433070866" originy="-59.055118110235" rotation="90" />
    <pcbpin number="10" name="A10" style="s55" originx="-165.35433070866" originy="-98.425196850392" rotation="90" />
    <pcbpin number="11" name="A11" style="s55" originx="-165.35433070866" originy="-137.79527559055" rotation="90" />
    <pcbpin number="12" name="A12" style="s55" originx="-165.35433070866" originy="-177.16535433071" rotation="90" />
    <pcbpin number="13" name="A13" style="s55" originx="-165.35433070866" originy="-216.53543307086" rotation="90" />
    <pcbpin number="14" name="A14" style="s55" originx="-165.35433070866" originy="-255.90551181102" rotation="90" />
    <pcbpin number="15" name="B1" style="s55" originx="-125.9842519685" originy="255.90551181102" rotation="90" />
    <pcbpin number="16" name="B2" style="s55" originx="-125.9842519685" originy="216.53543307086" rotation="90" />
    <pcbpin number="17" name="B3" style="s55" originx="-125.9842519685" originy="177.16535433071" rotation="90" />
    <pcbpin number="18" name="B4" style="s55" originx="-125.9842519685" originy="137.79527559055" rotation="90" />
    <pcbpin number="19" name="B5" style="s55" originx="-125.9842519685" originy="98.425196850392" rotation="90" />
    <pcbpin number="20" name="B6" style="s55" originx="-125.9842519685" originy="59.055118110235" rotation="90" />
    <pcbpin number="21" name="B7" style="s55" originx="-125.9842519685" originy="19.685039370078" rotation="90" />
    <pcbpin number="22" name="B8" style="s55" originx="-125.9842519685" originy="-19.685039370078" rotation="90" />
    <pcbpin number="23" name="B9" style="s55" originx="-125.9842519685" originy="-59.055118110235" rotation="90" />
    <pcbpin number="24" name="B10" style="s55" originx="-125.9842519685" originy="-98.425196850392" rotation="90" />
    <pcbpin number="25" name="B11" style="s55" originx="-125.9842519685" originy="-137.79527559055" rotation="90" />
    <pcbpin number="26" name="B12" style="s55" originx="-125.9842519685" originy="-177.16535433071" rotation="90" />
    <pcbpin number="27" name="B13" style="s55" originx="-125.9842519685" originy="-216.53543307086" rotation="90" />
    <pcbpin number="28" name="B14" style="s55" originx="-125.9842519685" originy="-255.90551181102" rotation="90" />
    <pcbpin number="29" name="C1" style="s55" originx="-86.614173228345" originy="255.90551181102" rotation="90" />
    <pcbpin number="30" name="C2" style="s55" originx="-86.614173228345" originy="216.53543307086" rotation="90" />
    <pcbpin number="31" name="C3" style="s55" originx="-86.614173228345" originy="177.16535433071" rotation="90" />
    <pcbpin number="32" name="C4" style="s55" originx="-86.614173228345" originy="137.79527559055" rotation="90" />
    <pcbpin number="33" name="C5" style="s55" originx="-86.614173228345" originy="98.425196850392" rotation="90" />
    <pcbpin number="34" name="C6" style="s55" originx="-86.614173228345" originy="59.055118110235" rotation="90" />
    <pcbpin number="35" name="C7" style="s55" originx="-86.614173228345" originy="19.685039370078" rotation="90" />
    <pcbpin number="36" name="C8" style="s55" originx="-86.614173228345" originy="-19.685039370078" rotation="90" />
    <pcbpin number="37" name="C9" style="s55" originx="-86.614173228345" originy="-59.055118110235" rotation="90" />
    <pcbpin number="38" name="C10" style="s55" originx="-86.614173228345" originy="-98.425196850392" rotation="90" />
    <pcbpin number="39" name="C11" style="s55" originx="-86.614173228345" originy="-137.79527559055" rotation="90" />
    <pcbpin number="40" name="C12" style="s55" originx="-86.614173228345" originy="-177.16535433071" rotation="90" />
    <pcbpin number="41" name="D1" style="s55" originx="-47.244094488188" originy="255.90551181102" rotation="90" />
    <pcbpin number="42" name="D2" style="s55" originx="-47.244094488188" originy="216.53543307086" rotation="90" />
    <pcbpin number="43" name="D3" style="s55" originx="-47.244094488188" originy="177.16535433071" rotation="90" />
    <pcbpin number="44" name="D4" style="s55" originx="-47.244094488188" originy="137.79527559055" rotation="90" />
    <pcbpin number="45" name="D5" style="s55" originx="-47.244094488188" originy="98.425196850392" rotation="90" />
    <pcbpin number="46" name="D6" style="s55" originx="-47.244094488188" originy="59.055118110235" rotation="90" />
    <pcbpin number="47" name="D7" style="s55" originx="-47.244094488188" originy="19.685039370078" rotation="90" />
    <pcbpin number="48" name="D8" style="s55" originx="-47.244094488188" originy="-19.685039370078" rotation="90" />
    <pcbpin number="49" name="D9" style="s55" originx="-47.244094488188" originy="-59.055118110235" rotation="90" />
    <pcbpin number="50" name="D10" style="s55" originx="-47.244094488188" originy="-98.425196850392" rotation="90" />
    <pcbpin number="51" name="D11" style="s55" originx="-47.244094488188" originy="-137.79527559055" rotation="90" />
    <pcbpin number="52" name="D12" style="s55" originx="-47.244094488188" originy="-177.16535433071" rotation="90" />
    <pcbpin number="53" name="D14" style="s55" originx="-47.244094488188" originy="-255.90551181102" rotation="90" />
    <pcbpin number="54" name="E1" style="s55" originx="-7.8740157480314" originy="255.90551181102" rotation="90" />
    <pcbpin number="55" name="E2" style="s55" originx="-7.8740157480314" originy="216.53543307086" rotation="90" />
    <pcbpin number="56" name="E3" style="s55" originx="-7.8740157480314" originy="177.16535433071" rotation="90" />
    <pcbpin number="57" name="E4" style="s55" originx="-7.8740157480314" originy="137.79527559055" rotation="90" />
    <pcbpin number="58" name="E5" style="s55" originx="-7.8740157480314" originy="98.425196850392" rotation="90" />
    <pcbpin number="59" name="E6" style="s55" originx="-7.8740157480314" originy="59.055118110235" rotation="90" />
    <pcbpin number="60" name="E7" style="s55" originx="-7.8740157480314" originy="19.685039370078" rotation="90" />
    <pcbpin number="61" name="E8" style="s55" originx="-7.8740157480314" originy="-19.685039370078" rotation="90" />
    <pcbpin number="62" name="E9" style="s55" originx="-7.8740157480314" originy="-59.055118110235" rotation="90" />
    <pcbpin number="63" name="E10" style="s55" originx="-7.8740157480314" originy="-98.425196850392" rotation="90" />
    <pcbpin number="64" name="E11" style="s55" originx="-7.8740157480314" originy="-137.79527559055" rotation="90" />
    <pcbpin number="65" name="E12" style="s55" originx="-7.8740157480314" originy="-177.16535433071" rotation="90" />
    <pcbpin number="66" name="E14" style="s55" originx="-7.8740157480314" originy="-255.90551181102" rotation="90" />
    <pcbpin number="67" name="F7" style="s55" originx="31.496062992126" originy="19.685039370078" rotation="90" />
    <pcbpin number="68" name="F8" style="s55" originx="31.496062992126" originy="-19.685039370078" rotation="90" />
    <pcbpin number="69" name="G1" style="s55" originx="70.866141732283" originy="255.90551181102" rotation="90" />
    <pcbpin number="70" name="G2" style="s55" originx="70.866141732283" originy="216.53543307086" rotation="90" />
    <pcbpin number="71" name="G4" style="s55" originx="70.866141732283" originy="137.79527559055" rotation="90" />
    <pcbpin number="72" name="G5" style="s55" originx="70.866141732283" originy="98.425196850392" rotation="90" />
    <pcbpin number="73" name="G7" style="s55" originx="70.866141732283" originy="19.685039370078" rotation="90" />
    <pcbpin number="74" name="G8" style="s55" originx="70.866141732283" originy="-19.685039370078" rotation="90" />
    <pcbpin number="75" name="G10" style="s55" originx="70.866141732283" originy="-98.425196850392" rotation="90" />
    <pcbpin number="76" name="G11" style="s55" originx="70.866141732283" originy="-137.79527559055" rotation="90" />
    <pcbpin number="77" name="G13" style="s55" originx="70.866141732283" originy="-216.53543307086" rotation="90" />
    <pcbpin number="78" name="G14" style="s55" originx="70.866141732283" originy="-255.90551181102" rotation="90" />
    <pcbpin number="79" name="H1" style="s55" originx="110.23622047244" originy="255.90551181102" rotation="90" />
    <pcbpin number="80" name="H2" style="s55" originx="110.23622047244" originy="216.53543307086" rotation="90" />
    <pcbpin number="81" name="H4" style="s55" originx="110.23622047244" originy="137.79527559055" rotation="90" />
    <pcbpin number="82" name="H5" style="s55" originx="110.23622047244" originy="98.425196850392" rotation="90" />
    <pcbpin number="83" name="H7" style="s55" originx="110.23622047244" originy="19.685039370078" rotation="90" />
    <pcbpin number="84" name="H8" style="s55" originx="110.23622047244" originy="-19.685039370078" rotation="90" />
    <pcbpin number="85" name="H10" style="s55" originx="110.23622047244" originy="-98.425196850392" rotation="90" />
    <pcbpin number="86" name="H11" style="s55" originx="110.23622047244" originy="-137.79527559055" rotation="90" />
    <pcbpin number="87" name="H13" style="s55" originx="110.23622047244" originy="-216.53543307086" rotation="90" />
    <pcbpin number="88" name="H14" style="s55" originx="110.23622047244" originy="-255.90551181102" rotation="90" />
    <pcbpin number="89" name="J1" style="s55" originx="149.6062992126" originy="255.90551181102" rotation="90" />
    <pcbpin number="90" name="J2" style="s55" originx="149.6062992126" originy="216.53543307086" rotation="90" />
    <pcbpin number="91" name="J4" style="s55" originx="149.6062992126" originy="137.79527559055" rotation="90" />
    <pcbpin number="92" name="J5" style="s55" originx="149.6062992126" originy="98.425196850392" rotation="90" />
    <pcbpin number="93" name="J7" style="s55" originx="149.6062992126" originy="19.685039370078" rotation="90" />
    <pcbpin number="94" name="J8" style="s55" originx="149.6062992126" originy="-19.685039370078" rotation="90" />
    <pcbpin number="95" name="J10" style="s55" originx="149.6062992126" originy="-98.425196850392" rotation="90" />
    <pcbpin number="96" name="J11" style="s55" originx="149.6062992126" originy="-137.79527559055" rotation="90" />
    <pcbpin number="97" name="J13" style="s55" originx="149.6062992126" originy="-216.53543307086" rotation="90" />
    <pcbpin number="98" name="J14" style="s55" originx="149.6062992126" originy="-255.90551181102" rotation="90" />
    <pcbpin number="99" name="K1" style="s55" originx="188.97637795275" originy="255.90551181102" rotation="90" />
    <pcbpin number="100" name="K2" style="s55" originx="188.97637795275" originy="216.53543307086" rotation="90" />
    <pcbpin number="101" name="K4" style="s55" originx="188.97637795275" originy="137.79527559055" rotation="90" />
    <pcbpin number="102" name="K5" style="s55" originx="188.97637795275" originy="98.425196850392" rotation="90" />
    <pcbpin number="103" name="K7" style="s55" originx="188.97637795275" originy="19.685039370078" rotation="90" />
    <pcbpin number="104" name="K8" style="s55" originx="188.97637795275" originy="-19.685039370078" rotation="90" />
    <pcbpin number="105" name="K10" style="s55" originx="188.97637795275" originy="-98.425196850392" rotation="90" />
    <pcbpin number="106" name="K11" style="s55" originx="188.97637795275" originy="-137.79527559055" rotation="90" />
    <pcbpin number="107" name="K13" style="s55" originx="188.97637795275" originy="-216.53543307086" rotation="90" />
    <pcbpin number="108" name="K14" style="s55" originx="188.97637795275" originy="-255.90551181102" rotation="90" />
    <line layer="TOP_ASSEMBLY" originx="-185.03937007874" originy="275.5905511811" endx="208.66141732283" endy="275.5905511811" width="7.8740157480314" />
    <line layer="TOP_ASSEMBLY" originx="208.66141732283" originy="275.5905511811" endx="208.66141732283" endy="-275.5905511811" width="7.8740157480314" />
    <line layer="TOP_ASSEMBLY" originx="208.66141732283" originy="-275.5905511811" endx="-185.03937007874" endy="-275.5905511811" width="7.8740157480314" />
    <line layer="TOP_ASSEMBLY" originx="-185.03937007874" originy="-275.5905511811" endx="-185.03937007874" endy="275.5905511811" width="7.8740157480314" />
    <line layer="TOP_SILKSCREEN" originx="-185.03937007874" originy="275.5905511811" endx="208.66141732283" endy="275.5905511811" width="3.9370078740157" />
    <line layer="TOP_SILKSCREEN" originx="208.66141732283" originy="275.5905511811" endx="208.66141732283" endy="-275.5905511811" width="3.9370078740157" />
    <line layer="TOP_SILKSCREEN" originx="208.66141732283" originy="-275.5905511811" endx="-185.03937007874" endy="-275.5905511811" width="3.9370078740157" />
    <line layer="TOP_SILKSCREEN" originx="-185.03937007874" originy="-275.5905511811" endx="-185.03937007874" endy="275.5905511811" width="3.9370078740157" />
    <line layer="TOP_PLACE_BOUND" originx="-248.03149606299" originy="314.96062992126" endx="248.03149606299" endy="314.96062992126" width="3.9370078740157" />
    <line layer="TOP_PLACE_BOUND" originx="248.03149606299" originy="314.96062992126" endx="248.03149606299" endy="-314.96062992126" width="3.9370078740157" />
    <line layer="TOP_PLACE_BOUND" originx="248.03149606299" originy="-314.96062992126" endx="-248.03149606299" endy="-314.96062992126" width="3.9370078740157" />
    <line layer="TOP_PLACE_BOUND" originx="-248.03149606299" originy="-314.96062992126" endx="-248.03149606299" endy="314.96062992126" width="3.9370078740157" />
    <line layer="TOP_SILKSCREEN" originx="-204.72440944882" originy="259.84251968504" endx="-204.72440944882" endy="259.84251968504" width="7.8740157480314" />
    <arc layer="TOP_SILKSCREEN" originx="-204.72440944882" originy="255.90551181102" startangle="90.0" sweepangle="-180.0" radius="3.9370078740157" width="7.8740157480314" />
    <line layer="TOP_SILKSCREEN" originx="-204.72440944882" originy="251.968503937" endx="-204.72440944882" endy="251.968503937" width="7.8740157480314" />
    <arc layer="TOP_SILKSCREEN" originx="-204.72440944882" originy="255.90551181102" startangle="-90.0" sweepangle="-180.0" radius="3.9370078740157" width="7.8740157480314" />
  </footprint>
  <symbol name="PI3740-00-LGIZ" originx="0" originy="0">
    <line originx="200" originy="100" endx="1200" endy="100" width="0" />
    <line originx="1200" originy="-5400" endx="1200" endy="100" width="0" />
    <line originx="1200" originy="-5400" endx="200" endy="-5400" width="0" />
    <line originx="200" originy="100" endx="200" endy="-5400" width="0" />
    <sympin number="1" originx="200" originy="0" rotation="180" length="100" width="7.8740157480315" flipped="False">
      <text name="pinname" originx="230" originy="0" style="Default" rotation="0" justify="left" flipped="False" hidden="False" data="FT1" />
      <text name="pindes" originx="140" originy="20" style="Default" rotation="0" justify="lowerright" flipped="False" hidden="False" data="A1" />
    </sympin>
    <sympin number="2" originx="200" originy="-100" rotation="180" length="100" width="7.8740157480315" flipped="False">
      <text name="pinname" originx="230" originy="-100" style="Default" rotation="0" justify="left" flipped="False" hidden="False" data="FT2" />
      <text name="pindes" originx="140" originy="-80" style="Default" rotation="0" justify="lowerright" flipped="False" hidden="False" data="A2" />
    </sympin>
    <sympin number="3" originx="200" originy="-200" rotation="180" length="100" width="7.8740157480315" flipped="False">
      <text name="pinname" originx="230" originy="-200" style="Default" rotation="0" justify="left" flipped="False" hidden="False" data="FT3" />
      <text name="pindes" originx="140" originy="-180" style="Default" rotation="0" justify="lowerright" flipped="False" hidden="False" data="A3" />
    </sympin>
    <sympin number="4" originx="200" originy="-300" rotation="180" length="100" width="7.8740157480315" flipped="False">
      <text name="pinname" originx="230" originy="-300" style="Default" rotation="0" justify="left" flipped="False" hidden="False" data="FT4" />
      <text name="pindes" originx="140" originy="-280" style="Default" rotation="0" justify="lowerright" flipped="False" hidden="False" data="A4" />
    </sympin>
    <sympin number="5" originx="200" originy="-400" rotation="180" length="100" width="7.8740157480315" flipped="False">
      <text name="pinname" originx="230" originy="-400" style="Default" rotation="0" justify="left" flipped="False" hidden="False" data="EN" />
      <text name="pindes" originx="140" originy="-380" style="Default" rotation="0" justify="lowerright" flipped="False" hidden="False" data="A5" />
    </sympin>
    <sympin number="6" originx="200" originy="-500" rotation="180" length="100" width="7.8740157480315" flipped="False">
      <text name="pinname" originx="230" originy="-500" style="Default" rotation="0" justify="left" flipped="False" hidden="False" data="TRK" />
      <text name="pindes" originx="140" originy="-480" style="Default" rotation="0" justify="lowerright" flipped="False" hidden="False" data="A6" />
    </sympin>
    <sympin number="7" originx="200" originy="-600" rotation="180" length="100" width="7.8740157480315" flipped="False">
      <text name="pinname" originx="230" originy="-600" style="Default" rotation="0" justify="left" flipped="False" hidden="False" data="LGH/FTS" />
      <text name="pindes" originx="140" originy="-580" style="Default" rotation="0" justify="lowerright" flipped="False" hidden="False" data="A7" />
    </sympin>
    <sympin number="8" originx="200" originy="-700" rotation="180" length="100" width="7.8740157480315" flipped="False">
      <text name="pinname" originx="230" originy="-700" style="Default" rotation="0" justify="left" flipped="False" hidden="False" data="COMP" />
      <text name="pindes" originx="140" originy="-680" style="Default" rotation="0" justify="lowerright" flipped="False" hidden="False" data="A8" />
    </sympin>
    <sympin number="9" originx="200" originy="-800" rotation="180" length="100" width="7.8740157480315" flipped="False">
      <text name="pinname" originx="230" originy="-800" style="Default" rotation="0" justify="left" flipped="False" hidden="False" data="VSN" />
      <text name="pindes" originx="140" originy="-780" style="Default" rotation="0" justify="lowerright" flipped="False" hidden="False" data="A9" />
    </sympin>
    <sympin number="10" originx="200" originy="-900" rotation="180" length="100" width="7.8740157480315" flipped="False">
      <text name="pinname" originx="230" originy="-900" style="Default" rotation="0" justify="left" flipped="False" hidden="False" data="VSP" />
      <text name="pindes" originx="140" originy="-880" style="Default" rotation="0" justify="lowerright" flipped="False" hidden="False" data="A10" />
    </sympin>
    <sympin number="11" originx="200" originy="-1000" rotation="180" length="100" width="7.8740157480315" flipped="False">
      <text name="pinname" originx="230" originy="-1000" style="Default" rotation="0" justify="left" flipped="False" hidden="False" data="VDIFF" />
      <text name="pindes" originx="140" originy="-980" style="Default" rotation="0" justify="lowerright" flipped="False" hidden="False" data="A11" />
    </sympin>
    <sympin number="12" originx="200" originy="-1100" rotation="180" length="100" width="7.8740157480315" flipped="False">
      <text name="pinname" originx="230" originy="-1100" style="Default" rotation="0" justify="left" flipped="False" hidden="False" data="EAIN" />
      <text name="pindes" originx="140" originy="-1080" style="Default" rotation="0" justify="lowerright" flipped="False" hidden="False" data="A12" />
    </sympin>
    <sympin number="13" originx="200" originy="-1200" rotation="180" length="100" width="7.8740157480315" flipped="False">
      <text name="pinname" originx="230" originy="-1200" style="Default" rotation="0" justify="left" flipped="False" hidden="False" data="EAO" />
      <text name="pindes" originx="140" originy="-1180" style="Default" rotation="0" justify="lowerright" flipped="False" hidden="False" data="A13" />
    </sympin>
    <sympin number="14" originx="200" originy="-1300" rotation="180" length="100" width="7.8740157480315" flipped="False">
      <text name="pinname" originx="230" originy="-1300" style="Default" rotation="0" justify="left" flipped="False" hidden="False" data="IMON" />
      <text name="pindes" originx="140" originy="-1280" style="Default" rotation="0" justify="lowerright" flipped="False" hidden="False" data="A14" />
    </sympin>
    <sympin number="15" originx="200" originy="-1400" rotation="180" length="100" width="7.8740157480315" flipped="False">
      <text name="pinname" originx="230" originy="-1400" style="Default" rotation="0" justify="left" flipped="False" hidden="False" data="SYNCI" />
      <text name="pindes" originx="140" originy="-1380" style="Default" rotation="0" justify="lowerright" flipped="False" hidden="False" data="B1" />
    </sympin>
    <sympin number="16" originx="200" originy="-1500" rotation="180" length="100" width="7.8740157480315" flipped="False">
      <text name="pinname" originx="230" originy="-1500" style="Default" rotation="0" justify="left" flipped="False" hidden="False" data="PGND_1" />
      <text name="pindes" originx="140" originy="-1480" style="Default" rotation="0" justify="lowerright" flipped="False" hidden="False" data="B2" />
    </sympin>
    <sympin number="17" originx="200" originy="-1600" rotation="180" length="100" width="7.8740157480315" flipped="False">
      <text name="pinname" originx="230" originy="-1600" style="Default" rotation="0" justify="left" flipped="False" hidden="False" data="PGND_2" />
      <text name="pindes" originx="140" originy="-1580" style="Default" rotation="0" justify="lowerright" flipped="False" hidden="False" data="B3" />
    </sympin>
    <sympin number="18" originx="200" originy="-1700" rotation="180" length="100" width="7.8740157480315" flipped="False">
      <text name="pinname" originx="230" originy="-1700" style="Default" rotation="0" justify="left" flipped="False" hidden="False" data="PGND_3" />
      <text name="pindes" originx="140" originy="-1680" style="Default" rotation="0" justify="lowerright" flipped="False" hidden="False" data="B4" />
    </sympin>
    <sympin number="19" originx="200" originy="-1800" rotation="180" length="100" width="7.8740157480315" flipped="False">
      <text name="pinname" originx="230" originy="-1800" style="Default" rotation="0" justify="left" flipped="False" hidden="False" data="PGND_4" />
      <text name="pindes" originx="140" originy="-1780" style="Default" rotation="0" justify="lowerright" flipped="False" hidden="False" data="B5" />
    </sympin>
    <sympin number="20" originx="200" originy="-1900" rotation="180" length="100" width="7.8740157480315" flipped="False">
      <text name="pinname" originx="230" originy="-1900" style="Default" rotation="0" justify="left" flipped="False" hidden="False" data="PGND_5" />
      <text name="pindes" originx="140" originy="-1880" style="Default" rotation="0" justify="lowerright" flipped="False" hidden="False" data="B6" />
    </sympin>
    <sympin number="21" originx="200" originy="-2000" rotation="180" length="100" width="7.8740157480315" flipped="False">
      <text name="pinname" originx="230" originy="-2000" style="Default" rotation="0" justify="left" flipped="False" hidden="False" data="PGND_6" />
      <text name="pindes" originx="140" originy="-1980" style="Default" rotation="0" justify="lowerright" flipped="False" hidden="False" data="B7" />
    </sympin>
    <sympin number="22" originx="200" originy="-2100" rotation="180" length="100" width="7.8740157480315" flipped="False">
      <text name="pinname" originx="230" originy="-2100" style="Default" rotation="0" justify="left" flipped="False" hidden="False" data="PGND_7" />
      <text name="pindes" originx="140" originy="-2080" style="Default" rotation="0" justify="lowerright" flipped="False" hidden="False" data="B8" />
    </sympin>
    <sympin number="23" originx="200" originy="-2200" rotation="180" length="100" width="7.8740157480315" flipped="False">
      <text name="pinname" originx="230" originy="-2200" style="Default" rotation="0" justify="left" flipped="False" hidden="False" data="PGND_8" />
      <text name="pindes" originx="140" originy="-2180" style="Default" rotation="0" justify="lowerright" flipped="False" hidden="False" data="B9" />
    </sympin>
    <sympin number="24" originx="200" originy="-2300" rotation="180" length="100" width="7.8740157480315" flipped="False">
      <text name="pinname" originx="230" originy="-2300" style="Default" rotation="0" justify="left" flipped="False" hidden="False" data="SGND_1" />
      <text name="pindes" originx="140" originy="-2280" style="Default" rotation="0" justify="lowerright" flipped="False" hidden="False" data="B10" />
    </sympin>
    <sympin number="25" originx="200" originy="-2400" rotation="180" length="100" width="7.8740157480315" flipped="False">
      <text name="pinname" originx="230" originy="-2400" style="Default" rotation="0" justify="left" flipped="False" hidden="False" data="SGND_2" />
      <text name="pindes" originx="140" originy="-2380" style="Default" rotation="0" justify="lowerright" flipped="False" hidden="False" data="B11" />
    </sympin>
    <sympin number="26" originx="200" originy="-2500" rotation="180" length="100" width="7.8740157480315" flipped="False">
      <text name="pinname" originx="230" originy="-2500" style="Default" rotation="0" justify="left" flipped="False" hidden="False" data="SGND_3" />
      <text name="pindes" originx="140" originy="-2480" style="Default" rotation="0" justify="lowerright" flipped="False" hidden="False" data="B12" />
    </sympin>
    <sympin number="27" originx="200" originy="-2600" rotation="180" length="100" width="7.8740157480315" flipped="False">
      <text name="pinname" originx="230" originy="-2600" style="Default" rotation="0" justify="left" flipped="False" hidden="False" data="SGND_4" />
      <text name="pindes" originx="140" originy="-2580" style="Default" rotation="0" justify="lowerright" flipped="False" hidden="False" data="B13" />
    </sympin>
    <sympin number="28" originx="200" originy="-2700" rotation="180" length="100" width="7.8740157480315" flipped="False">
      <text name="pinname" originx="230" originy="-2700" style="Default" rotation="0" justify="left" flipped="False" hidden="False" data="SGND_5" />
      <text name="pindes" originx="140" originy="-2680" style="Default" rotation="0" justify="lowerright" flipped="False" hidden="False" data="B14" />
    </sympin>
    <sympin number="29" originx="200" originy="-2800" rotation="180" length="100" width="7.8740157480315" flipped="False">
      <text name="pinname" originx="230" originy="-2800" style="Default" rotation="0" justify="left" flipped="False" hidden="False" data="SYNC0" />
      <text name="pindes" originx="140" originy="-2780" style="Default" rotation="0" justify="lowerright" flipped="False" hidden="False" data="C1" />
    </sympin>
    <sympin number="30" originx="200" originy="-2900" rotation="180" length="100" width="7.8740157480315" flipped="False">
      <text name="pinname" originx="230" originy="-2900" style="Default" rotation="0" justify="left" flipped="False" hidden="False" data="PGND_9" />
      <text name="pindes" originx="140" originy="-2880" style="Default" rotation="0" justify="lowerright" flipped="False" hidden="False" data="C2" />
    </sympin>
    <sympin number="31" originx="200" originy="-3000" rotation="180" length="100" width="7.8740157480315" flipped="False">
      <text name="pinname" originx="230" originy="-3000" style="Default" rotation="0" justify="left" flipped="False" hidden="False" data="PGND_10" />
      <text name="pindes" originx="140" originy="-2980" style="Default" rotation="0" justify="lowerright" flipped="False" hidden="False" data="C3" />
    </sympin>
    <sympin number="32" originx="200" originy="-3100" rotation="180" length="100" width="7.8740157480315" flipped="False">
      <text name="pinname" originx="230" originy="-3100" style="Default" rotation="0" justify="left" flipped="False" hidden="False" data="PGND_11" />
      <text name="pindes" originx="140" originy="-3080" style="Default" rotation="0" justify="lowerright" flipped="False" hidden="False" data="C4" />
    </sympin>
    <sympin number="33" originx="200" originy="-3200" rotation="180" length="100" width="7.8740157480315" flipped="False">
      <text name="pinname" originx="230" originy="-3200" style="Default" rotation="0" justify="left" flipped="False" hidden="False" data="PGND_12" />
      <text name="pindes" originx="140" originy="-3180" style="Default" rotation="0" justify="lowerright" flipped="False" hidden="False" data="C5" />
    </sympin>
    <sympin number="34" originx="200" originy="-3300" rotation="180" length="100" width="7.8740157480315" flipped="False">
      <text name="pinname" originx="230" originy="-3300" style="Default" rotation="0" justify="left" flipped="False" hidden="False" data="PGND_13" />
      <text name="pindes" originx="140" originy="-3280" style="Default" rotation="0" justify="lowerright" flipped="False" hidden="False" data="C6" />
    </sympin>
    <sympin number="35" originx="200" originy="-3400" rotation="180" length="100" width="7.8740157480315" flipped="False">
      <text name="pinname" originx="230" originy="-3400" style="Default" rotation="0" justify="left" flipped="False" hidden="False" data="PGND_14" />
      <text name="pindes" originx="140" originy="-3380" style="Default" rotation="0" justify="lowerright" flipped="False" hidden="False" data="C7" />
    </sympin>
    <sympin number="36" originx="200" originy="-3500" rotation="180" length="100" width="7.8740157480315" flipped="False">
      <text name="pinname" originx="230" originy="-3500" style="Default" rotation="0" justify="left" flipped="False" hidden="False" data="PGND_15" />
      <text name="pindes" originx="140" originy="-3480" style="Default" rotation="0" justify="lowerright" flipped="False" hidden="False" data="C8" />
    </sympin>
    <sympin number="37" originx="200" originy="-3600" rotation="180" length="100" width="7.8740157480315" flipped="False">
      <text name="pinname" originx="230" originy="-3600" style="Default" rotation="0" justify="left" flipped="False" hidden="False" data="PGND_16" />
      <text name="pindes" originx="140" originy="-3580" style="Default" rotation="0" justify="lowerright" flipped="False" hidden="False" data="C9" />
    </sympin>
    <sympin number="38" originx="200" originy="-3700" rotation="180" length="100" width="7.8740157480315" flipped="False">
      <text name="pinname" originx="230" originy="-3700" style="Default" rotation="0" justify="left" flipped="False" hidden="False" data="SGND_6" />
      <text name="pindes" originx="140" originy="-3680" style="Default" rotation="0" justify="lowerright" flipped="False" hidden="False" data="C10" />
    </sympin>
    <sympin number="39" originx="200" originy="-3800" rotation="180" length="100" width="7.8740157480315" flipped="False">
      <text name="pinname" originx="230" originy="-3800" style="Default" rotation="0" justify="left" flipped="False" hidden="False" data="SGND_7" />
      <text name="pindes" originx="140" originy="-3780" style="Default" rotation="0" justify="lowerright" flipped="False" hidden="False" data="C11" />
    </sympin>
    <sympin number="40" originx="200" originy="-3900" rotation="180" length="100" width="7.8740157480315" flipped="False">
      <text name="pinname" originx="230" originy="-3900" style="Default" rotation="0" justify="left" flipped="False" hidden="False" data="SGND_8" />
      <text name="pindes" originx="140" originy="-3880" style="Default" rotation="0" justify="lowerright" flipped="False" hidden="False" data="C12" />
    </sympin>
    <sympin number="41" originx="200" originy="-4000" rotation="180" length="100" width="7.8740157480315" flipped="False">
      <text name="pinname" originx="230" originy="-4000" style="Default" rotation="0" justify="left" flipped="False" hidden="False" data="PGD/FLT" />
      <text name="pindes" originx="140" originy="-3980" style="Default" rotation="0" justify="lowerright" flipped="False" hidden="False" data="D1" />
    </sympin>
    <sympin number="42" originx="200" originy="-4100" rotation="180" length="100" width="7.8740157480315" flipped="False">
      <text name="pinname" originx="230" originy="-4100" style="Default" rotation="0" justify="left" flipped="False" hidden="False" data="PGND_17" />
      <text name="pindes" originx="140" originy="-4080" style="Default" rotation="0" justify="lowerright" flipped="False" hidden="False" data="D2" />
    </sympin>
    <sympin number="43" originx="200" originy="-4200" rotation="180" length="100" width="7.8740157480315" flipped="False">
      <text name="pinname" originx="230" originy="-4200" style="Default" rotation="0" justify="left" flipped="False" hidden="False" data="PGND_18" />
      <text name="pindes" originx="140" originy="-4180" style="Default" rotation="0" justify="lowerright" flipped="False" hidden="False" data="D3" />
    </sympin>
    <sympin number="44" originx="200" originy="-4300" rotation="180" length="100" width="7.8740157480315" flipped="False">
      <text name="pinname" originx="230" originy="-4300" style="Default" rotation="0" justify="left" flipped="False" hidden="False" data="PGND_19" />
      <text name="pindes" originx="140" originy="-4280" style="Default" rotation="0" justify="lowerright" flipped="False" hidden="False" data="D4" />
    </sympin>
    <sympin number="45" originx="200" originy="-4400" rotation="180" length="100" width="7.8740157480315" flipped="False">
      <text name="pinname" originx="230" originy="-4400" style="Default" rotation="0" justify="left" flipped="False" hidden="False" data="PGND_20" />
      <text name="pindes" originx="140" originy="-4380" style="Default" rotation="0" justify="lowerright" flipped="False" hidden="False" data="D5" />
    </sympin>
    <sympin number="46" originx="200" originy="-4500" rotation="180" length="100" width="7.8740157480315" flipped="False">
      <text name="pinname" originx="230" originy="-4500" style="Default" rotation="0" justify="left" flipped="False" hidden="False" data="PGND_21" />
      <text name="pindes" originx="140" originy="-4480" style="Default" rotation="0" justify="lowerright" flipped="False" hidden="False" data="D6" />
    </sympin>
    <sympin number="47" originx="200" originy="-4600" rotation="180" length="100" width="7.8740157480315" flipped="False">
      <text name="pinname" originx="230" originy="-4600" style="Default" rotation="0" justify="left" flipped="False" hidden="False" data="PGND_22" />
      <text name="pindes" originx="140" originy="-4580" style="Default" rotation="0" justify="lowerright" flipped="False" hidden="False" data="D7" />
    </sympin>
    <sympin number="48" originx="200" originy="-4700" rotation="180" length="100" width="7.8740157480315" flipped="False">
      <text name="pinname" originx="230" originy="-4700" style="Default" rotation="0" justify="left" flipped="False" hidden="False" data="PGND_23" />
      <text name="pindes" originx="140" originy="-4680" style="Default" rotation="0" justify="lowerright" flipped="False" hidden="False" data="D8" />
    </sympin>
    <sympin number="49" originx="200" originy="-4800" rotation="180" length="100" width="7.8740157480315" flipped="False">
      <text name="pinname" originx="230" originy="-4800" style="Default" rotation="0" justify="left" flipped="False" hidden="False" data="PGND_24" />
      <text name="pindes" originx="140" originy="-4780" style="Default" rotation="0" justify="lowerright" flipped="False" hidden="False" data="D9" />
    </sympin>
    <sympin number="50" originx="200" originy="-4900" rotation="180" length="100" width="7.8740157480315" flipped="False">
      <text name="pinname" originx="230" originy="-4900" style="Default" rotation="0" justify="left" flipped="False" hidden="False" data="SGND_9" />
      <text name="pindes" originx="140" originy="-4880" style="Default" rotation="0" justify="lowerright" flipped="False" hidden="False" data="D10" />
    </sympin>
    <sympin number="51" originx="200" originy="-5000" rotation="180" length="100" width="7.8740157480315" flipped="False">
      <text name="pinname" originx="230" originy="-5000" style="Default" rotation="0" justify="left" flipped="False" hidden="False" data="SGND_10" />
      <text name="pindes" originx="140" originy="-4980" style="Default" rotation="0" justify="lowerright" flipped="False" hidden="False" data="D11" />
    </sympin>
    <sympin number="52" originx="200" originy="-5100" rotation="180" length="100" width="7.8740157480315" flipped="False">
      <text name="pinname" originx="230" originy="-5100" style="Default" rotation="0" justify="left" flipped="False" hidden="False" data="SGND_11" />
      <text name="pindes" originx="140" originy="-5080" style="Default" rotation="0" justify="lowerright" flipped="False" hidden="False" data="D12" />
    </sympin>
    <sympin number="53" originx="200" originy="-5200" rotation="180" length="100" width="7.8740157480315" flipped="False">
      <text name="pinname" originx="230" originy="-5200" style="Default" rotation="0" justify="left" flipped="False" hidden="False" data="ISN" />
      <text name="pindes" originx="140" originy="-5180" style="Default" rotation="0" justify="lowerright" flipped="False" hidden="False" data="D14" />
    </sympin>
    <sympin number="54" originx="200" originy="-5300" rotation="180" length="100" width="7.8740157480315" flipped="False">
      <text name="pinname" originx="230" originy="-5300" style="Default" rotation="0" justify="left" flipped="False" hidden="False" data="VDR" />
      <text name="pindes" originx="140" originy="-5280" style="Default" rotation="0" justify="lowerright" flipped="False" hidden="False" data="E1" />
    </sympin>
    <sympin number="55" originx="1200" originy="0" rotation="0" length="100" width="7.8740157480315" flipped="False">
      <text name="pinname" originx="1170" originy="0" style="Default" rotation="0" justify="right" flipped="False" hidden="False" data="PGND_25" />
      <text name="pindes" originx="1260" originy="20" style="Default" rotation="0" justify="lowerleft" flipped="False" hidden="False" data="E2" />
    </sympin>
    <sympin number="56" originx="1200" originy="-100" rotation="0" length="100" width="7.8740157480315" flipped="False">
      <text name="pinname" originx="1170" originy="-100" style="Default" rotation="0" justify="right" flipped="False" hidden="False" data="PGND_26" />
      <text name="pindes" originx="1260" originy="-80" style="Default" rotation="0" justify="lowerleft" flipped="False" hidden="False" data="E3" />
    </sympin>
    <sympin number="57" originx="1200" originy="-200" rotation="0" length="100" width="7.8740157480315" flipped="False">
      <text name="pinname" originx="1170" originy="-200" style="Default" rotation="0" justify="right" flipped="False" hidden="False" data="PGND_27" />
      <text name="pindes" originx="1260" originy="-180" style="Default" rotation="0" justify="lowerleft" flipped="False" hidden="False" data="E4" />
    </sympin>
    <sympin number="58" originx="1200" originy="-300" rotation="0" length="100" width="7.8740157480315" flipped="False">
      <text name="pinname" originx="1170" originy="-300" style="Default" rotation="0" justify="right" flipped="False" hidden="False" data="PGND_28" />
      <text name="pindes" originx="1260" originy="-280" style="Default" rotation="0" justify="lowerleft" flipped="False" hidden="False" data="E5" />
    </sympin>
    <sympin number="59" originx="1200" originy="-400" rotation="0" length="100" width="7.8740157480315" flipped="False">
      <text name="pinname" originx="1170" originy="-400" style="Default" rotation="0" justify="right" flipped="False" hidden="False" data="PGND_29" />
      <text name="pindes" originx="1260" originy="-380" style="Default" rotation="0" justify="lowerleft" flipped="False" hidden="False" data="E6" />
    </sympin>
    <sympin number="60" originx="1200" originy="-500" rotation="0" length="100" width="7.8740157480315" flipped="False">
      <text name="pinname" originx="1170" originy="-500" style="Default" rotation="0" justify="right" flipped="False" hidden="False" data="PGND_30" />
      <text name="pindes" originx="1260" originy="-480" style="Default" rotation="0" justify="lowerleft" flipped="False" hidden="False" data="E7" />
    </sympin>
    <sympin number="61" originx="1200" originy="-600" rotation="0" length="100" width="7.8740157480315" flipped="False">
      <text name="pinname" originx="1170" originy="-600" style="Default" rotation="0" justify="right" flipped="False" hidden="False" data="PGND_31" />
      <text name="pindes" originx="1260" originy="-580" style="Default" rotation="0" justify="lowerleft" flipped="False" hidden="False" data="E8" />
    </sympin>
    <sympin number="62" originx="1200" originy="-700" rotation="0" length="100" width="7.8740157480315" flipped="False">
      <text name="pinname" originx="1170" originy="-700" style="Default" rotation="0" justify="right" flipped="False" hidden="False" data="PGND_32" />
      <text name="pindes" originx="1260" originy="-680" style="Default" rotation="0" justify="lowerleft" flipped="False" hidden="False" data="E9" />
    </sympin>
    <sympin number="63" originx="1200" originy="-800" rotation="0" length="100" width="7.8740157480315" flipped="False">
      <text name="pinname" originx="1170" originy="-800" style="Default" rotation="0" justify="right" flipped="False" hidden="False" data="SGND_12" />
      <text name="pindes" originx="1260" originy="-780" style="Default" rotation="0" justify="lowerleft" flipped="False" hidden="False" data="E10" />
    </sympin>
    <sympin number="64" originx="1200" originy="-900" rotation="0" length="100" width="7.8740157480315" flipped="False">
      <text name="pinname" originx="1170" originy="-900" style="Default" rotation="0" justify="right" flipped="False" hidden="False" data="SGND_13" />
      <text name="pindes" originx="1260" originy="-880" style="Default" rotation="0" justify="lowerleft" flipped="False" hidden="False" data="E11" />
    </sympin>
    <sympin number="65" originx="1200" originy="-1000" rotation="0" length="100" width="7.8740157480315" flipped="False">
      <text name="pinname" originx="1170" originy="-1000" style="Default" rotation="0" justify="right" flipped="False" hidden="False" data="SGND_14" />
      <text name="pindes" originx="1260" originy="-980" style="Default" rotation="0" justify="lowerleft" flipped="False" hidden="False" data="E12" />
    </sympin>
    <sympin number="66" originx="1200" originy="-1100" rotation="0" length="100" width="7.8740157480315" flipped="False">
      <text name="pinname" originx="1170" originy="-1100" style="Default" rotation="0" justify="right" flipped="False" hidden="False" data="ISP" />
      <text name="pindes" originx="1260" originy="-1080" style="Default" rotation="0" justify="lowerleft" flipped="False" hidden="False" data="E14" />
    </sympin>
    <sympin number="67" originx="1200" originy="-1200" rotation="0" length="100" width="7.8740157480315" flipped="False">
      <text name="pinname" originx="1170" originy="-1200" style="Default" rotation="0" justify="right" flipped="False" hidden="False" data="PGND_33" />
      <text name="pindes" originx="1260" originy="-1180" style="Default" rotation="0" justify="lowerleft" flipped="False" hidden="False" data="F7" />
    </sympin>
    <sympin number="68" originx="1200" originy="-1300" rotation="0" length="100" width="7.8740157480315" flipped="False">
      <text name="pinname" originx="1170" originy="-1300" style="Default" rotation="0" justify="right" flipped="False" hidden="False" data="PGND_34" />
      <text name="pindes" originx="1260" originy="-1280" style="Default" rotation="0" justify="lowerleft" flipped="False" hidden="False" data="F8" />
    </sympin>
    <sympin number="69" originx="1200" originy="-1400" rotation="0" length="100" width="7.8740157480315" flipped="False">
      <text name="pinname" originx="1170" originy="-1400" style="Default" rotation="0" justify="right" flipped="False" hidden="False" data="VIN_1" />
      <text name="pindes" originx="1260" originy="-1380" style="Default" rotation="0" justify="lowerleft" flipped="False" hidden="False" data="G1" />
    </sympin>
    <sympin number="70" originx="1200" originy="-1500" rotation="0" length="100" width="7.8740157480315" flipped="False">
      <text name="pinname" originx="1170" originy="-1500" style="Default" rotation="0" justify="right" flipped="False" hidden="False" data="VIN_2" />
      <text name="pindes" originx="1260" originy="-1480" style="Default" rotation="0" justify="lowerleft" flipped="False" hidden="False" data="G2" />
    </sympin>
    <sympin number="71" originx="1200" originy="-1600" rotation="0" length="100" width="7.8740157480315" flipped="False">
      <text name="pinname" originx="1170" originy="-1600" style="Default" rotation="0" justify="right" flipped="False" hidden="False" data="VS1_1" />
      <text name="pindes" originx="1260" originy="-1580" style="Default" rotation="0" justify="lowerleft" flipped="False" hidden="False" data="G4" />
    </sympin>
    <sympin number="72" originx="1200" originy="-1700" rotation="0" length="100" width="7.8740157480315" flipped="False">
      <text name="pinname" originx="1170" originy="-1700" style="Default" rotation="0" justify="right" flipped="False" hidden="False" data="VS1_2" />
      <text name="pindes" originx="1260" originy="-1680" style="Default" rotation="0" justify="lowerleft" flipped="False" hidden="False" data="G5" />
    </sympin>
    <sympin number="73" originx="1200" originy="-1800" rotation="0" length="100" width="7.8740157480315" flipped="False">
      <text name="pinname" originx="1170" originy="-1800" style="Default" rotation="0" justify="right" flipped="False" hidden="False" data="PGND_35" />
      <text name="pindes" originx="1260" originy="-1780" style="Default" rotation="0" justify="lowerleft" flipped="False" hidden="False" data="G7" />
    </sympin>
    <sympin number="74" originx="1200" originy="-1900" rotation="0" length="100" width="7.8740157480315" flipped="False">
      <text name="pinname" originx="1170" originy="-1900" style="Default" rotation="0" justify="right" flipped="False" hidden="False" data="PGND_36" />
      <text name="pindes" originx="1260" originy="-1880" style="Default" rotation="0" justify="lowerleft" flipped="False" hidden="False" data="G8" />
    </sympin>
    <sympin number="75" originx="1200" originy="-2000" rotation="0" length="100" width="7.8740157480315" flipped="False">
      <text name="pinname" originx="1170" originy="-2000" style="Default" rotation="0" justify="right" flipped="False" hidden="False" data="VS2_1" />
      <text name="pindes" originx="1260" originy="-1980" style="Default" rotation="0" justify="lowerleft" flipped="False" hidden="False" data="G10" />
    </sympin>
    <sympin number="76" originx="1200" originy="-2100" rotation="0" length="100" width="7.8740157480315" flipped="False">
      <text name="pinname" originx="1170" originy="-2100" style="Default" rotation="0" justify="right" flipped="False" hidden="False" data="VS2_2" />
      <text name="pindes" originx="1260" originy="-2080" style="Default" rotation="0" justify="lowerleft" flipped="False" hidden="False" data="G11" />
    </sympin>
    <sympin number="77" originx="1200" originy="-2200" rotation="0" length="100" width="7.8740157480315" flipped="False">
      <text name="pinname" originx="1170" originy="-2200" style="Default" rotation="0" justify="right" flipped="False" hidden="False" data="VOUT_1" />
      <text name="pindes" originx="1260" originy="-2180" style="Default" rotation="0" justify="lowerleft" flipped="False" hidden="False" data="G13" />
    </sympin>
    <sympin number="78" originx="1200" originy="-2300" rotation="0" length="100" width="7.8740157480315" flipped="False">
      <text name="pinname" originx="1170" originy="-2300" style="Default" rotation="0" justify="right" flipped="False" hidden="False" data="VOUT_2" />
      <text name="pindes" originx="1260" originy="-2280" style="Default" rotation="0" justify="lowerleft" flipped="False" hidden="False" data="G14" />
    </sympin>
    <sympin number="79" originx="1200" originy="-2400" rotation="0" length="100" width="7.8740157480315" flipped="False">
      <text name="pinname" originx="1170" originy="-2400" style="Default" rotation="0" justify="right" flipped="False" hidden="False" data="VIN_3" />
      <text name="pindes" originx="1260" originy="-2380" style="Default" rotation="0" justify="lowerleft" flipped="False" hidden="False" data="H1" />
    </sympin>
    <sympin number="80" originx="1200" originy="-2500" rotation="0" length="100" width="7.8740157480315" flipped="False">
      <text name="pinname" originx="1170" originy="-2500" style="Default" rotation="0" justify="right" flipped="False" hidden="False" data="VIN_4" />
      <text name="pindes" originx="1260" originy="-2480" style="Default" rotation="0" justify="lowerleft" flipped="False" hidden="False" data="H2" />
    </sympin>
    <sympin number="81" originx="1200" originy="-2600" rotation="0" length="100" width="7.8740157480315" flipped="False">
      <text name="pinname" originx="1170" originy="-2600" style="Default" rotation="0" justify="right" flipped="False" hidden="False" data="VS1_3" />
      <text name="pindes" originx="1260" originy="-2580" style="Default" rotation="0" justify="lowerleft" flipped="False" hidden="False" data="H4" />
    </sympin>
    <sympin number="82" originx="1200" originy="-2700" rotation="0" length="100" width="7.8740157480315" flipped="False">
      <text name="pinname" originx="1170" originy="-2700" style="Default" rotation="0" justify="right" flipped="False" hidden="False" data="VS1_4" />
      <text name="pindes" originx="1260" originy="-2680" style="Default" rotation="0" justify="lowerleft" flipped="False" hidden="False" data="H5" />
    </sympin>
    <sympin number="83" originx="1200" originy="-2800" rotation="0" length="100" width="7.8740157480315" flipped="False">
      <text name="pinname" originx="1170" originy="-2800" style="Default" rotation="0" justify="right" flipped="False" hidden="False" data="PGND_37" />
      <text name="pindes" originx="1260" originy="-2780" style="Default" rotation="0" justify="lowerleft" flipped="False" hidden="False" data="H7" />
    </sympin>
    <sympin number="84" originx="1200" originy="-2900" rotation="0" length="100" width="7.8740157480315" flipped="False">
      <text name="pinname" originx="1170" originy="-2900" style="Default" rotation="0" justify="right" flipped="False" hidden="False" data="PGND_38" />
      <text name="pindes" originx="1260" originy="-2880" style="Default" rotation="0" justify="lowerleft" flipped="False" hidden="False" data="H8" />
    </sympin>
    <sympin number="85" originx="1200" originy="-3000" rotation="0" length="100" width="7.8740157480315" flipped="False">
      <text name="pinname" originx="1170" originy="-3000" style="Default" rotation="0" justify="right" flipped="False" hidden="False" data="VS2_3" />
      <text name="pindes" originx="1260" originy="-2980" style="Default" rotation="0" justify="lowerleft" flipped="False" hidden="False" data="H10" />
    </sympin>
    <sympin number="86" originx="1200" originy="-3100" rotation="0" length="100" width="7.8740157480315" flipped="False">
      <text name="pinname" originx="1170" originy="-3100" style="Default" rotation="0" justify="right" flipped="False" hidden="False" data="VS2_4" />
      <text name="pindes" originx="1260" originy="-3080" style="Default" rotation="0" justify="lowerleft" flipped="False" hidden="False" data="H11" />
    </sympin>
    <sympin number="87" originx="1200" originy="-3200" rotation="0" length="100" width="7.8740157480315" flipped="False">
      <text name="pinname" originx="1170" originy="-3200" style="Default" rotation="0" justify="right" flipped="False" hidden="False" data="VOUT_3" />
      <text name="pindes" originx="1260" originy="-3180" style="Default" rotation="0" justify="lowerleft" flipped="False" hidden="False" data="H13" />
    </sympin>
    <sympin number="88" originx="1200" originy="-3300" rotation="0" length="100" width="7.8740157480315" flipped="False">
      <text name="pinname" originx="1170" originy="-3300" style="Default" rotation="0" justify="right" flipped="False" hidden="False" data="VOUT_4" />
      <text name="pindes" originx="1260" originy="-3280" style="Default" rotation="0" justify="lowerleft" flipped="False" hidden="False" data="H14" />
    </sympin>
    <sympin number="89" originx="1200" originy="-3400" rotation="0" length="100" width="7.8740157480315" flipped="False">
      <text name="pinname" originx="1170" originy="-3400" style="Default" rotation="0" justify="right" flipped="False" hidden="False" data="VIN_5" />
      <text name="pindes" originx="1260" originy="-3380" style="Default" rotation="0" justify="lowerleft" flipped="False" hidden="False" data="J1" />
    </sympin>
    <sympin number="90" originx="1200" originy="-3500" rotation="0" length="100" width="7.8740157480315" flipped="False">
      <text name="pinname" originx="1170" originy="-3500" style="Default" rotation="0" justify="right" flipped="False" hidden="False" data="VIN_6" />
      <text name="pindes" originx="1260" originy="-3480" style="Default" rotation="0" justify="lowerleft" flipped="False" hidden="False" data="J2" />
    </sympin>
    <sympin number="91" originx="1200" originy="-3600" rotation="0" length="100" width="7.8740157480315" flipped="False">
      <text name="pinname" originx="1170" originy="-3600" style="Default" rotation="0" justify="right" flipped="False" hidden="False" data="VS1_5" />
      <text name="pindes" originx="1260" originy="-3580" style="Default" rotation="0" justify="lowerleft" flipped="False" hidden="False" data="J4" />
    </sympin>
    <sympin number="92" originx="1200" originy="-3700" rotation="0" length="100" width="7.8740157480315" flipped="False">
      <text name="pinname" originx="1170" originy="-3700" style="Default" rotation="0" justify="right" flipped="False" hidden="False" data="VS1_6" />
      <text name="pindes" originx="1260" originy="-3680" style="Default" rotation="0" justify="lowerleft" flipped="False" hidden="False" data="J5" />
    </sympin>
    <sympin number="93" originx="1200" originy="-3800" rotation="0" length="100" width="7.8740157480315" flipped="False">
      <text name="pinname" originx="1170" originy="-3800" style="Default" rotation="0" justify="right" flipped="False" hidden="False" data="PGND_39" />
      <text name="pindes" originx="1260" originy="-3780" style="Default" rotation="0" justify="lowerleft" flipped="False" hidden="False" data="J7" />
    </sympin>
    <sympin number="94" originx="1200" originy="-3900" rotation="0" length="100" width="7.8740157480315" flipped="False">
      <text name="pinname" originx="1170" originy="-3900" style="Default" rotation="0" justify="right" flipped="False" hidden="False" data="PGND_40" />
      <text name="pindes" originx="1260" originy="-3880" style="Default" rotation="0" justify="lowerleft" flipped="False" hidden="False" data="J8" />
    </sympin>
    <sympin number="95" originx="1200" originy="-4000" rotation="0" length="100" width="7.8740157480315" flipped="False">
      <text name="pinname" originx="1170" originy="-4000" style="Default" rotation="0" justify="right" flipped="False" hidden="False" data="VS2_5" />
      <text name="pindes" originx="1260" originy="-3980" style="Default" rotation="0" justify="lowerleft" flipped="False" hidden="False" data="J10" />
    </sympin>
    <sympin number="96" originx="1200" originy="-4100" rotation="0" length="100" width="7.8740157480315" flipped="False">
      <text name="pinname" originx="1170" originy="-4100" style="Default" rotation="0" justify="right" flipped="False" hidden="False" data="VS2_6" />
      <text name="pindes" originx="1260" originy="-4080" style="Default" rotation="0" justify="lowerleft" flipped="False" hidden="False" data="J11" />
    </sympin>
    <sympin number="97" originx="1200" originy="-4200" rotation="0" length="100" width="7.8740157480315" flipped="False">
      <text name="pinname" originx="1170" originy="-4200" style="Default" rotation="0" justify="right" flipped="False" hidden="False" data="VOUT_5" />
      <text name="pindes" originx="1260" originy="-4180" style="Default" rotation="0" justify="lowerleft" flipped="False" hidden="False" data="J13" />
    </sympin>
    <sympin number="98" originx="1200" originy="-4300" rotation="0" length="100" width="7.8740157480315" flipped="False">
      <text name="pinname" originx="1170" originy="-4300" style="Default" rotation="0" justify="right" flipped="False" hidden="False" data="VOUT_6" />
      <text name="pindes" originx="1260" originy="-4280" style="Default" rotation="0" justify="lowerleft" flipped="False" hidden="False" data="J14" />
    </sympin>
    <sympin number="99" originx="1200" originy="-4400" rotation="0" length="100" width="7.8740157480315" flipped="False">
      <text name="pinname" originx="1170" originy="-4400" style="Default" rotation="0" justify="right" flipped="False" hidden="False" data="VIN_7" />
      <text name="pindes" originx="1260" originy="-4380" style="Default" rotation="0" justify="lowerleft" flipped="False" hidden="False" data="K1" />
    </sympin>
    <sympin number="100" originx="1200" originy="-4500" rotation="0" length="100" width="7.8740157480315" flipped="False">
      <text name="pinname" originx="1170" originy="-4500" style="Default" rotation="0" justify="right" flipped="False" hidden="False" data="VIN_8" />
      <text name="pindes" originx="1260" originy="-4480" style="Default" rotation="0" justify="lowerleft" flipped="False" hidden="False" data="K2" />
    </sympin>
    <sympin number="101" originx="1200" originy="-4600" rotation="0" length="100" width="7.8740157480315" flipped="False">
      <text name="pinname" originx="1170" originy="-4600" style="Default" rotation="0" justify="right" flipped="False" hidden="False" data="VS1_7" />
      <text name="pindes" originx="1260" originy="-4580" style="Default" rotation="0" justify="lowerleft" flipped="False" hidden="False" data="K4" />
    </sympin>
    <sympin number="102" originx="1200" originy="-4700" rotation="0" length="100" width="7.8740157480315" flipped="False">
      <text name="pinname" originx="1170" originy="-4700" style="Default" rotation="0" justify="right" flipped="False" hidden="False" data="VS1_8" />
      <text name="pindes" originx="1260" originy="-4680" style="Default" rotation="0" justify="lowerleft" flipped="False" hidden="False" data="K5" />
    </sympin>
    <sympin number="103" originx="1200" originy="-4800" rotation="0" length="100" width="7.8740157480315" flipped="False">
      <text name="pinname" originx="1170" originy="-4800" style="Default" rotation="0" justify="right" flipped="False" hidden="False" data="PGND_41" />
      <text name="pindes" originx="1260" originy="-4780" style="Default" rotation="0" justify="lowerleft" flipped="False" hidden="False" data="K7" />
    </sympin>
    <sympin number="104" originx="1200" originy="-4900" rotation="0" length="100" width="7.8740157480315" flipped="False">
      <text name="pinname" originx="1170" originy="-4900" style="Default" rotation="0" justify="right" flipped="False" hidden="False" data="PGND_42" />
      <text name="pindes" originx="1260" originy="-4880" style="Default" rotation="0" justify="lowerleft" flipped="False" hidden="False" data="K8" />
    </sympin>
    <sympin number="105" originx="1200" originy="-5000" rotation="0" length="100" width="7.8740157480315" flipped="False">
      <text name="pinname" originx="1170" originy="-5000" style="Default" rotation="0" justify="right" flipped="False" hidden="False" data="VS2_7" />
      <text name="pindes" originx="1260" originy="-4980" style="Default" rotation="0" justify="lowerleft" flipped="False" hidden="False" data="K10" />
    </sympin>
    <sympin number="106" originx="1200" originy="-5100" rotation="0" length="100" width="7.8740157480315" flipped="False">
      <text name="pinname" originx="1170" originy="-5100" style="Default" rotation="0" justify="right" flipped="False" hidden="False" data="VS2_8" />
      <text name="pindes" originx="1260" originy="-5080" style="Default" rotation="0" justify="lowerleft" flipped="False" hidden="False" data="K11" />
    </sympin>
    <sympin number="107" originx="1200" originy="-5200" rotation="0" length="100" width="7.8740157480315" flipped="False">
      <text name="pinname" originx="1170" originy="-5200" style="Default" rotation="0" justify="right" flipped="False" hidden="False" data="VOUT_7" />
      <text name="pindes" originx="1260" originy="-5180" style="Default" rotation="0" justify="lowerleft" flipped="False" hidden="False" data="K13" />
    </sympin>
    <sympin number="108" originx="1200" originy="-5300" rotation="0" length="100" width="7.8740157480315" flipped="False">
      <text name="pinname" originx="1170" originy="-5300" style="Default" rotation="0" justify="right" flipped="False" hidden="False" data="VOUT_8" />
      <text name="pindes" originx="1260" originy="-5280" style="Default" rotation="0" justify="lowerleft" flipped="False" hidden="False" data="K14" />
    </sympin>
  </symbol>
  <component name="PI3740-00-LGIZ" designatorprefix="IC" height="118.11023622047" footprint="PI374000LGIZ">
    <comppin designator="A1" sympin="1" pinswap="0" gateswap="0" gate="1" group="1" side="" type="Any" name="FT1" />
    <comppin designator="A2" sympin="2" pinswap="0" gateswap="0" gate="1" group="1" side="" type="Any" name="FT2" />
    <comppin designator="A3" sympin="3" pinswap="0" gateswap="0" gate="1" group="1" side="" type="Any" name="FT3" />
    <comppin designator="A4" sympin="4" pinswap="0" gateswap="0" gate="1" group="1" side="" type="Any" name="FT4" />
    <comppin designator="A5" sympin="5" pinswap="0" gateswap="0" gate="1" group="1" side="" type="Any" name="EN" />
    <comppin designator="A6" sympin="6" pinswap="0" gateswap="0" gate="1" group="1" side="" type="Any" name="TRK" />
    <comppin designator="A7" sympin="7" pinswap="0" gateswap="0" gate="1" group="1" side="" type="Any" name="LGH/FTS" />
    <comppin designator="A8" sympin="8" pinswap="0" gateswap="0" gate="1" group="1" side="" type="Any" name="COMP" />
    <comppin designator="A9" sympin="9" pinswap="0" gateswap="0" gate="1" group="1" side="" type="Any" name="VSN" />
    <comppin designator="A10" sympin="10" pinswap="0" gateswap="0" gate="1" group="1" side="" type="Any" name="VSP" />
    <comppin designator="A11" sympin="11" pinswap="0" gateswap="0" gate="1" group="1" side="" type="Any" name="VDIFF" />
    <comppin designator="A12" sympin="12" pinswap="0" gateswap="0" gate="1" group="1" side="" type="Any" name="EAIN" />
    <comppin designator="A13" sympin="13" pinswap="0" gateswap="0" gate="1" group="1" side="" type="Any" name="EAO" />
    <comppin designator="A14" sympin="14" pinswap="0" gateswap="0" gate="1" group="1" side="" type="Any" name="IMON" />
    <comppin designator="B1" sympin="15" pinswap="0" gateswap="0" gate="1" group="1" side="" type="Any" name="SYNCI" />
    <comppin designator="B2" sympin="16" pinswap="0" gateswap="0" gate="1" group="1" side="" type="Any" name="PGND_1" />
    <comppin designator="B3" sympin="17" pinswap="0" gateswap="0" gate="1" group="1" side="" type="Any" name="PGND_2" />
    <comppin designator="B4" sympin="18" pinswap="0" gateswap="0" gate="1" group="1" side="" type="Any" name="PGND_3" />
    <comppin designator="B5" sympin="19" pinswap="0" gateswap="0" gate="1" group="1" side="" type="Any" name="PGND_4" />
    <comppin designator="B6" sympin="20" pinswap="0" gateswap="0" gate="1" group="1" side="" type="Any" name="PGND_5" />
    <comppin designator="B7" sympin="21" pinswap="0" gateswap="0" gate="1" group="1" side="" type="Any" name="PGND_6" />
    <comppin designator="B8" sympin="22" pinswap="0" gateswap="0" gate="1" group="1" side="" type="Any" name="PGND_7" />
    <comppin designator="B9" sympin="23" pinswap="0" gateswap="0" gate="1" group="1" side="" type="Any" name="PGND_8" />
    <comppin designator="B10" sympin="24" pinswap="0" gateswap="0" gate="1" group="1" side="" type="Any" name="SGND_1" />
    <comppin designator="B11" sympin="25" pinswap="0" gateswap="0" gate="1" group="1" side="" type="Any" name="SGND_2" />
    <comppin designator="B12" sympin="26" pinswap="0" gateswap="0" gate="1" group="1" side="" type="Any" name="SGND_3" />
    <comppin designator="B13" sympin="27" pinswap="0" gateswap="0" gate="1" group="1" side="" type="Any" name="SGND_4" />
    <comppin designator="B14" sympin="28" pinswap="0" gateswap="0" gate="1" group="1" side="" type="Any" name="SGND_5" />
    <comppin designator="C1" sympin="29" pinswap="0" gateswap="0" gate="1" group="1" side="" type="Any" name="SYNC0" />
    <comppin designator="C2" sympin="30" pinswap="0" gateswap="0" gate="1" group="1" side="" type="Any" name="PGND_9" />
    <comppin designator="C3" sympin="31" pinswap="0" gateswap="0" gate="1" group="1" side="" type="Any" name="PGND_10" />
    <comppin designator="C4" sympin="32" pinswap="0" gateswap="0" gate="1" group="1" side="" type="Any" name="PGND_11" />
    <comppin designator="C5" sympin="33" pinswap="0" gateswap="0" gate="1" group="1" side="" type="Any" name="PGND_12" />
    <comppin designator="C6" sympin="34" pinswap="0" gateswap="0" gate="1" group="1" side="" type="Any" name="PGND_13" />
    <comppin designator="C7" sympin="35" pinswap="0" gateswap="0" gate="1" group="1" side="" type="Any" name="PGND_14" />
    <comppin designator="C8" sympin="36" pinswap="0" gateswap="0" gate="1" group="1" side="" type="Any" name="PGND_15" />
    <comppin designator="C9" sympin="37" pinswap="0" gateswap="0" gate="1" group="1" side="" type="Any" name="PGND_16" />
    <comppin designator="C10" sympin="38" pinswap="0" gateswap="0" gate="1" group="1" side="" type="Any" name="SGND_6" />
    <comppin designator="C11" sympin="39" pinswap="0" gateswap="0" gate="1" group="1" side="" type="Any" name="SGND_7" />
    <comppin designator="C12" sympin="40" pinswap="0" gateswap="0" gate="1" group="1" side="" type="Any" name="SGND_8" />
    <comppin designator="D1" sympin="41" pinswap="0" gateswap="0" gate="1" group="1" side="" type="Any" name="PGD/FLT" />
    <comppin designator="D2" sympin="42" pinswap="0" gateswap="0" gate="1" group="1" side="" type="Any" name="PGND_17" />
    <comppin designator="D3" sympin="43" pinswap="0" gateswap="0" gate="1" group="1" side="" type="Any" name="PGND_18" />
    <comppin designator="D4" sympin="44" pinswap="0" gateswap="0" gate="1" group="1" side="" type="Any" name="PGND_19" />
    <comppin designator="D5" sympin="45" pinswap="0" gateswap="0" gate="1" group="1" side="" type="Any" name="PGND_20" />
    <comppin designator="D6" sympin="46" pinswap="0" gateswap="0" gate="1" group="1" side="" type="Any" name="PGND_21" />
    <comppin designator="D7" sympin="47" pinswap="0" gateswap="0" gate="1" group="1" side="" type="Any" name="PGND_22" />
    <comppin designator="D8" sympin="48" pinswap="0" gateswap="0" gate="1" group="1" side="" type="Any" name="PGND_23" />
    <comppin designator="D9" sympin="49" pinswap="0" gateswap="0" gate="1" group="1" side="" type="Any" name="PGND_24" />
    <comppin designator="D10" sympin="50" pinswap="0" gateswap="0" gate="1" group="1" side="" type="Any" name="SGND_9" />
    <comppin designator="D11" sympin="51" pinswap="0" gateswap="0" gate="1" group="1" side="" type="Any" name="SGND_10" />
    <comppin designator="D12" sympin="52" pinswap="0" gateswap="0" gate="1" group="1" side="" type="Any" name="SGND_11" />
    <comppin designator="D14" sympin="53" pinswap="0" gateswap="0" gate="1" group="1" side="" type="Any" name="ISN" />
    <comppin designator="E1" sympin="54" pinswap="0" gateswap="0" gate="1" group="1" side="" type="Any" name="VDR" />
    <comppin designator="E2" sympin="55" pinswap="0" gateswap="0" gate="1" group="1" side="" type="Any" name="PGND_25" />
    <comppin designator="E3" sympin="56" pinswap="0" gateswap="0" gate="1" group="1" side="" type="Any" name="PGND_26" />
    <comppin designator="E4" sympin="57" pinswap="0" gateswap="0" gate="1" group="1" side="" type="Any" name="PGND_27" />
    <comppin designator="E5" sympin="58" pinswap="0" gateswap="0" gate="1" group="1" side="" type="Any" name="PGND_28" />
    <comppin designator="E6" sympin="59" pinswap="0" gateswap="0" gate="1" group="1" side="" type="Any" name="PGND_29" />
    <comppin designator="E7" sympin="60" pinswap="0" gateswap="0" gate="1" group="1" side="" type="Any" name="PGND_30" />
    <comppin designator="E8" sympin="61" pinswap="0" gateswap="0" gate="1" group="1" side="" type="Any" name="PGND_31" />
    <comppin designator="E9" sympin="62" pinswap="0" gateswap="0" gate="1" group="1" side="" type="Any" name="PGND_32" />
    <comppin designator="E10" sympin="63" pinswap="0" gateswap="0" gate="1" group="1" side="" type="Any" name="SGND_12" />
    <comppin designator="E11" sympin="64" pinswap="0" gateswap="0" gate="1" group="1" side="" type="Any" name="SGND_13" />
    <comppin designator="E12" sympin="65" pinswap="0" gateswap="0" gate="1" group="1" side="" type="Any" name="SGND_14" />
    <comppin designator="E14" sympin="66" pinswap="0" gateswap="0" gate="1" group="1" side="" type="Any" name="ISP" />
    <comppin designator="F7" sympin="67" pinswap="0" gateswap="0" gate="1" group="1" side="" type="Any" name="PGND_33" />
    <comppin designator="F8" sympin="68" pinswap="0" gateswap="0" gate="1" group="1" side="" type="Any" name="PGND_34" />
    <comppin designator="G1" sympin="69" pinswap="0" gateswap="0" gate="1" group="1" side="" type="Any" name="VIN_1" />
    <comppin designator="G2" sympin="70" pinswap="0" gateswap="0" gate="1" group="1" side="" type="Any" name="VIN_2" />
    <comppin designator="G4" sympin="71" pinswap="0" gateswap="0" gate="1" group="1" side="" type="Any" name="VS1_1" />
    <comppin designator="G5" sympin="72" pinswap="0" gateswap="0" gate="1" group="1" side="" type="Any" name="VS1_2" />
    <comppin designator="G7" sympin="73" pinswap="0" gateswap="0" gate="1" group="1" side="" type="Any" name="PGND_35" />
    <comppin designator="G8" sympin="74" pinswap="0" gateswap="0" gate="1" group="1" side="" type="Any" name="PGND_36" />
    <comppin designator="G10" sympin="75" pinswap="0" gateswap="0" gate="1" group="1" side="" type="Any" name="VS2_1" />
    <comppin designator="G11" sympin="76" pinswap="0" gateswap="0" gate="1" group="1" side="" type="Any" name="VS2_2" />
    <comppin designator="G13" sympin="77" pinswap="0" gateswap="0" gate="1" group="1" side="" type="Any" name="VOUT_1" />
    <comppin designator="G14" sympin="78" pinswap="0" gateswap="0" gate="1" group="1" side="" type="Any" name="VOUT_2" />
    <comppin designator="H1" sympin="79" pinswap="0" gateswap="0" gate="1" group="1" side="" type="Any" name="VIN_3" />
    <comppin designator="H2" sympin="80" pinswap="0" gateswap="0" gate="1" group="1" side="" type="Any" name="VIN_4" />
    <comppin designator="H4" sympin="81" pinswap="0" gateswap="0" gate="1" group="1" side="" type="Any" name="VS1_3" />
    <comppin designator="H5" sympin="82" pinswap="0" gateswap="0" gate="1" group="1" side="" type="Any" name="VS1_4" />
    <comppin designator="H7" sympin="83" pinswap="0" gateswap="0" gate="1" group="1" side="" type="Any" name="PGND_37" />
    <comppin designator="H8" sympin="84" pinswap="0" gateswap="0" gate="1" group="1" side="" type="Any" name="PGND_38" />
    <comppin designator="H10" sympin="85" pinswap="0" gateswap="0" gate="1" group="1" side="" type="Any" name="VS2_3" />
    <comppin designator="H11" sympin="86" pinswap="0" gateswap="0" gate="1" group="1" side="" type="Any" name="VS2_4" />
    <comppin designator="H13" sympin="87" pinswap="0" gateswap="0" gate="1" group="1" side="" type="Any" name="VOUT_3" />
    <comppin designator="H14" sympin="88" pinswap="0" gateswap="0" gate="1" group="1" side="" type="Any" name="VOUT_4" />
    <comppin designator="J1" sympin="89" pinswap="0" gateswap="0" gate="1" group="1" side="" type="Any" name="VIN_5" />
    <comppin designator="J2" sympin="90" pinswap="0" gateswap="0" gate="1" group="1" side="" type="Any" name="VIN_6" />
    <comppin designator="J4" sympin="91" pinswap="0" gateswap="0" gate="1" group="1" side="" type="Any" name="VS1_5" />
    <comppin designator="J5" sympin="92" pinswap="0" gateswap="0" gate="1" group="1" side="" type="Any" name="VS1_6" />
    <comppin designator="J7" sympin="93" pinswap="0" gateswap="0" gate="1" group="1" side="" type="Any" name="PGND_39" />
    <comppin designator="J8" sympin="94" pinswap="0" gateswap="0" gate="1" group="1" side="" type="Any" name="PGND_40" />
    <comppin designator="J10" sympin="95" pinswap="0" gateswap="0" gate="1" group="1" side="" type="Any" name="VS2_5" />
    <comppin designator="J11" sympin="96" pinswap="0" gateswap="0" gate="1" group="1" side="" type="Any" name="VS2_6" />
    <comppin designator="J13" sympin="97" pinswap="0" gateswap="0" gate="1" group="1" side="" type="Any" name="VOUT_5" />
    <comppin designator="J14" sympin="98" pinswap="0" gateswap="0" gate="1" group="1" side="" type="Any" name="VOUT_6" />
    <comppin designator="K1" sympin="99" pinswap="0" gateswap="0" gate="1" group="1" side="" type="Any" name="VIN_7" />
    <comppin designator="K2" sympin="100" pinswap="0" gateswap="0" gate="1" group="1" side="" type="Any" name="VIN_8" />
    <comppin designator="K4" sympin="101" pinswap="0" gateswap="0" gate="1" group="1" side="" type="Any" name="VS1_7" />
    <comppin designator="K5" sympin="102" pinswap="0" gateswap="0" gate="1" group="1" side="" type="Any" name="VS1_8" />
    <comppin designator="K7" sympin="103" pinswap="0" gateswap="0" gate="1" group="1" side="" type="Any" name="PGND_41" />
    <comppin designator="K8" sympin="104" pinswap="0" gateswap="0" gate="1" group="1" side="" type="Any" name="PGND_42" />
    <comppin designator="K10" sympin="105" pinswap="0" gateswap="0" gate="1" group="1" side="" type="Any" name="VS2_7" />
    <comppin designator="K11" sympin="106" pinswap="0" gateswap="0" gate="1" group="1" side="" type="Any" name="VS2_8" />
    <comppin designator="K13" sympin="107" pinswap="0" gateswap="0" gate="1" group="1" side="" type="Any" name="VOUT_7" />
    <comppin designator="K14" sympin="108" pinswap="0" gateswap="0" gate="1" group="1" side="" type="Any" name="VOUT_8" />
    <attached_symbol gate="1" name="PI3740-00-LGIZ" />
    <pinmap designator="A1" footprintpin="1" />
    <pinmap designator="A2" footprintpin="2" />
    <pinmap designator="A3" footprintpin="3" />
    <pinmap designator="A4" footprintpin="4" />
    <pinmap designator="A5" footprintpin="5" />
    <pinmap designator="A6" footprintpin="6" />
    <pinmap designator="A7" footprintpin="7" />
    <pinmap designator="A8" footprintpin="8" />
    <pinmap designator="A9" footprintpin="9" />
    <pinmap designator="A10" footprintpin="10" />
    <pinmap designator="A11" footprintpin="11" />
    <pinmap designator="A12" footprintpin="12" />
    <pinmap designator="A13" footprintpin="13" />
    <pinmap designator="A14" footprintpin="14" />
    <pinmap designator="B1" footprintpin="15" />
    <pinmap designator="B2" footprintpin="16" />
    <pinmap designator="B3" footprintpin="17" />
    <pinmap designator="B4" footprintpin="18" />
    <pinmap designator="B5" footprintpin="19" />
    <pinmap designator="B6" footprintpin="20" />
    <pinmap designator="B7" footprintpin="21" />
    <pinmap designator="B8" footprintpin="22" />
    <pinmap designator="B9" footprintpin="23" />
    <pinmap designator="B10" footprintpin="24" />
    <pinmap designator="B11" footprintpin="25" />
    <pinmap designator="B12" footprintpin="26" />
    <pinmap designator="B13" footprintpin="27" />
    <pinmap designator="B14" footprintpin="28" />
    <pinmap designator="C1" footprintpin="29" />
    <pinmap designator="C2" footprintpin="30" />
    <pinmap designator="C3" footprintpin="31" />
    <pinmap designator="C4" footprintpin="32" />
    <pinmap designator="C5" footprintpin="33" />
    <pinmap designator="C6" footprintpin="34" />
    <pinmap designator="C7" footprintpin="35" />
    <pinmap designator="C8" footprintpin="36" />
    <pinmap designator="C9" footprintpin="37" />
    <pinmap designator="C10" footprintpin="38" />
    <pinmap designator="C11" footprintpin="39" />
    <pinmap designator="C12" footprintpin="40" />
    <pinmap designator="D1" footprintpin="41" />
    <pinmap designator="D2" footprintpin="42" />
    <pinmap designator="D3" footprintpin="43" />
    <pinmap designator="D4" footprintpin="44" />
    <pinmap designator="D5" footprintpin="45" />
    <pinmap designator="D6" footprintpin="46" />
    <pinmap designator="D7" footprintpin="47" />
    <pinmap designator="D8" footprintpin="48" />
    <pinmap designator="D9" footprintpin="49" />
    <pinmap designator="D10" footprintpin="50" />
    <pinmap designator="D11" footprintpin="51" />
    <pinmap designator="D12" footprintpin="52" />
    <pinmap designator="D14" footprintpin="53" />
    <pinmap designator="E1" footprintpin="54" />
    <pinmap designator="E2" footprintpin="55" />
    <pinmap designator="E3" footprintpin="56" />
    <pinmap designator="E4" footprintpin="57" />
    <pinmap designator="E5" footprintpin="58" />
    <pinmap designator="E6" footprintpin="59" />
    <pinmap designator="E7" footprintpin="60" />
    <pinmap designator="E8" footprintpin="61" />
    <pinmap designator="E9" footprintpin="62" />
    <pinmap designator="E10" footprintpin="63" />
    <pinmap designator="E11" footprintpin="64" />
    <pinmap designator="E12" footprintpin="65" />
    <pinmap designator="E14" footprintpin="66" />
    <pinmap designator="F7" footprintpin="67" />
    <pinmap designator="F8" footprintpin="68" />
    <pinmap designator="G1" footprintpin="69" />
    <pinmap designator="G2" footprintpin="70" />
    <pinmap designator="G4" footprintpin="71" />
    <pinmap designator="G5" footprintpin="72" />
    <pinmap designator="G7" footprintpin="73" />
    <pinmap designator="G8" footprintpin="74" />
    <pinmap designator="G10" footprintpin="75" />
    <pinmap designator="G11" footprintpin="76" />
    <pinmap designator="G13" footprintpin="77" />
    <pinmap designator="G14" footprintpin="78" />
    <pinmap designator="H1" footprintpin="79" />
    <pinmap designator="H2" footprintpin="80" />
    <pinmap designator="H4" footprintpin="81" />
    <pinmap designator="H5" footprintpin="82" />
    <pinmap designator="H7" footprintpin="83" />
    <pinmap designator="H8" footprintpin="84" />
    <pinmap designator="H10" footprintpin="85" />
    <pinmap designator="H11" footprintpin="86" />
    <pinmap designator="H13" footprintpin="87" />
    <pinmap designator="H14" footprintpin="88" />
    <pinmap designator="J1" footprintpin="89" />
    <pinmap designator="J2" footprintpin="90" />
    <pinmap designator="J4" footprintpin="91" />
    <pinmap designator="J5" footprintpin="92" />
    <pinmap designator="J7" footprintpin="93" />
    <pinmap designator="J8" footprintpin="94" />
    <pinmap designator="J10" footprintpin="95" />
    <pinmap designator="J11" footprintpin="96" />
    <pinmap designator="J13" footprintpin="97" />
    <pinmap designator="J14" footprintpin="98" />
    <pinmap designator="K1" footprintpin="99" />
    <pinmap designator="K2" footprintpin="100" />
    <pinmap designator="K4" footprintpin="101" />
    <pinmap designator="K5" footprintpin="102" />
    <pinmap designator="K7" footprintpin="103" />
    <pinmap designator="K8" footprintpin="104" />
    <pinmap designator="K10" footprintpin="105" />
    <pinmap designator="K11" footprintpin="106" />
    <pinmap designator="K13" footprintpin="107" />
    <pinmap designator="K14" footprintpin="108" />
    <text name="Datasheet" originx="0" originy="0" style="Default" rotation="0" justify="" flipped="False" hidden="True" data="http://www.vicorpower.com/documents/datasheets/Picor/ds_pi3740-00.pdf" />
    <text name="Description" originx="0" originy="0" style="Default" rotation="0" justify="" flipped="False" hidden="True" data="Switching Voltage Regulators 8-60V/24V 60W Buck-Boost Regulator" />
    <text name="Manufacturer_Name" originx="0" originy="0" style="Default" rotation="0" justify="" flipped="False" hidden="True" data="VICOR" />
    <text name="Manufacturer_Part_Number" originx="1250" originy="200" style="Default" rotation="0" justify="left" flipped="False" hidden="False" data="PI3740-00-LGIZ" />
    <text name="Mouser Part Number" originx="0" originy="0" style="Default" rotation="0" justify="" flipped="False" hidden="True" data="492-PI3740-00-LGIZ" />
    <text name="Mouser Price/Stock" originx="0" originy="0" style="Default" rotation="0" justify="" flipped="False" hidden="True" data="https://www.mouser.co.uk/ProductDetail/Vicor/PI3740-00-LGIZ?qs=a4BXICGgSn%252BoSXcvpONfOA%3D%3D" />
    <text name="Arrow Part Number" originx="0" originy="0" style="Default" rotation="0" justify="" flipped="False" hidden="True" data="" />
    <text name="Arrow Price/Stock" originx="0" originy="0" style="Default" rotation="0" justify="" flipped="False" hidden="True" data="" />
  </component>
</quadcept_library>
