<?xml version="1.0" encoding="utf-8"?>
<!--/1475438/405177/2.49/11/4/MOSFET (N-Channel)/-->
<quadcept_library>
  <setting unit="mil" />
  <textstyle name="Default" height="47.244094488189" strokewidth="7.8740157480315" charwidth="47.244094488189" />
  <textstyle name="Dimension" height="19.6850393700787" strokewidth="0" charwidth="19.6850393700787" />
  <textstyle name="H127W0635TH00762" height="50" strokewidth="3" charwidth="25" />
  <textstyle name="H15W15TH02" height="59.0551181102362" strokewidth="7.8740157480315" charwidth="59.0551181102362" />
  <padstyle name="r127_61" surface="True" plated="False" isvia="False" nopaste="False" nomask="True" complex="False" holesize="0">
    <padshape layer="TOP" shape="rectangle" width="24.015748031496" height="49.999999999999" />
    <padshape layer="TOP_SOLDER_MASK" shape="rectangle" width="31.889763779527" height="57.874015748031" />
    <padshape layer="TOP_SOLDER_PASTE" shape="rectangle" width="24.015748031496" height="49.999999999999" />
  </padstyle>
  <padstyle name="r71_61" surface="True" plated="False" isvia="False" nopaste="False" nomask="True" complex="False" holesize="0">
    <padshape layer="TOP" shape="rectangle" width="24.015748031496" height="27.952755905511" />
    <padshape layer="TOP_SOLDER_MASK" shape="rectangle" width="31.889763779527" height="35.826771653543" />
    <padshape layer="TOP_SOLDER_PASTE" shape="rectangle" width="24.015748031496" height="27.952755905511" />
  </padstyle>
  <padstyle name="r391_381" surface="True" plated="False" isvia="False" nopaste="False" nomask="True" complex="False" holesize="0">
    <padshape layer="TOP" shape="rectangle" width="150" height="153.93700787401" />
    <padshape layer="TOP_SOLDER_MASK" shape="rectangle" width="157.87401574803" height="161.81102362205" />
    <padshape layer="TOP_SOLDER_PASTE" shape="rectangle" width="150" height="153.93700787401" />
  </padstyle>
  <padstyle name="r31_25.5" surface="True" plated="False" isvia="False" nopaste="False" nomask="True" complex="False" holesize="0">
    <padshape layer="TOP" shape="rectangle" width="10.03937007874" height="12.204724409449" />
    <padshape layer="TOP_SOLDER_MASK" shape="rectangle" width="17.913385826771" height="20.07874015748" />
    <padshape layer="TOP_SOLDER_PASTE" shape="rectangle" width="10.03937007874" height="12.204724409449" />
  </padstyle>
  <footprint name="SI7852ADPT1GE3" originx="0" originy="0" pickpointx="0" pickpointy="0">
    <pcbpin number="1" name="1" style="r127_61" originx="-110.62992125984" originy="74.999999999999" rotation="90" />
    <pcbpin number="2" name="2" style="r127_61" originx="-110.62992125984" originy="25" rotation="90" />
    <pcbpin number="3" name="3" style="r127_61" originx="-110.62992125984" originy="-25" rotation="90" />
    <pcbpin number="4" name="4" style="r127_61" originx="-110.62992125984" originy="-74.999999999999" rotation="90" />
    <pcbpin number="5" name="5" style="r71_61" originx="110.62992125984" originy="-74.999999999999" rotation="90" />
    <pcbpin number="6" name="6" style="r71_61" originx="110.62992125984" originy="-25" rotation="90" />
    <pcbpin number="7" name="7" style="r71_61" originx="110.62992125984" originy="25" rotation="90" />
    <pcbpin number="8" name="8" style="r71_61" originx="110.62992125984" originy="74.999999999999" rotation="90" />
    <pcbpin number="9" name="9" style="r391_381" originx="21.653543307086" originy="0" rotation="0" />
    <pcbpin number="10" name="10" style="r31_25.5" originx="90.551181102361" originy="82.007874015747" rotation="90" />
    <pcbpin number="11" name="11" style="r31_25.5" originx="90.551181102361" originy="-82.007874015747" rotation="90" />
    <line layer="TOP_ASSEMBLY" originx="-115.94488188976" originy="96.456692913385" endx="115.94488188976" endy="96.456692913385" width="7.8740157480314" />
    <line layer="TOP_ASSEMBLY" originx="115.94488188976" originy="96.456692913385" endx="115.94488188976" endy="-96.456692913385" width="7.8740157480314" />
    <line layer="TOP_ASSEMBLY" originx="115.94488188976" originy="-96.456692913385" endx="-115.94488188976" endy="-96.456692913385" width="7.8740157480314" />
    <line layer="TOP_ASSEMBLY" originx="-115.94488188976" originy="-96.456692913385" endx="-115.94488188976" endy="96.456692913385" width="7.8740157480314" />
    <line layer="TOP_PLACE_BOUND" originx="-175" originy="135.82677165354" endx="163.97637795275" endy="135.82677165354" width="3.9370078740157" />
    <line layer="TOP_PLACE_BOUND" originx="163.97637795275" originy="135.82677165354" endx="163.97637795275" endy="-135.82677165354" width="3.9370078740157" />
    <line layer="TOP_PLACE_BOUND" originx="163.97637795275" originy="-135.82677165354" endx="-175" endy="-135.82677165354" width="3.9370078740157" />
    <line layer="TOP_PLACE_BOUND" originx="-175" originy="-135.82677165354" endx="-175" endy="135.82677165354" width="3.9370078740157" />
    <line layer="TOP_SILKSCREEN" originx="-110.62992125984" originy="96.456692913385" endx="115.94488188976" endy="96.456692913385" width="3.9370078740157" />
    <line layer="TOP_SILKSCREEN" originx="-110.62992125984" originy="-96.456692913385" endx="115.94488188976" endy="-96.456692913385" width="3.9370078740157" />
    <line layer="TOP_SILKSCREEN" originx="-149.6062992126" originy="74.999999999999" endx="-149.6062992126" endy="74.999999999999" width="7.8740157480314" />
    <arc layer="TOP_SILKSCREEN" originx="-153.54330708661" originy="74.999999999999" startangle=".0" sweepangle="180.0" radius="3.9370078740157" width="7.8740157480314" />
    <line layer="TOP_SILKSCREEN" originx="-157.48031496063" originy="74.999999999999" endx="-157.48031496063" endy="74.999999999999" width="7.8740157480314" />
    <arc layer="TOP_SILKSCREEN" originx="-153.54330708661" originy="74.999999999999" startangle="180.0" sweepangle="180.0" radius="3.9370078740157" width="7.8740157480314" />
  </footprint>
  <symbol name="SIRA50DP-T1-RE3" originx="0" originy="0">
    <line originx="200" originy="100" endx="800" endy="100" width="0" />
    <line originx="800" originy="-600" endx="800" endy="100" width="0" />
    <line originx="800" originy="-600" endx="200" endy="-600" width="0" />
    <line originx="200" originy="100" endx="200" endy="-600" width="0" />
    <sympin number="1" originx="200" originy="0" rotation="180" length="100" width="7.8740157480315" flipped="False">
      <text name="pinname" originx="230" originy="0" style="Default" rotation="0" justify="left" flipped="False" hidden="False" data="S_1" />
      <text name="pindes" originx="140" originy="20" style="Default" rotation="0" justify="lowerright" flipped="False" hidden="False" data="1" />
    </sympin>
    <sympin number="2" originx="200" originy="-100" rotation="180" length="100" width="7.8740157480315" flipped="False">
      <text name="pinname" originx="230" originy="-100" style="Default" rotation="0" justify="left" flipped="False" hidden="False" data="S_2" />
      <text name="pindes" originx="140" originy="-80" style="Default" rotation="0" justify="lowerright" flipped="False" hidden="False" data="2" />
    </sympin>
    <sympin number="3" originx="200" originy="-200" rotation="180" length="100" width="7.8740157480315" flipped="False">
      <text name="pinname" originx="230" originy="-200" style="Default" rotation="0" justify="left" flipped="False" hidden="False" data="S_3" />
      <text name="pindes" originx="140" originy="-180" style="Default" rotation="0" justify="lowerright" flipped="False" hidden="False" data="3" />
    </sympin>
    <sympin number="4" originx="200" originy="-300" rotation="180" length="100" width="7.8740157480315" flipped="False">
      <text name="pinname" originx="230" originy="-300" style="Default" rotation="0" justify="left" flipped="False" hidden="False" data="G" />
      <text name="pindes" originx="140" originy="-280" style="Default" rotation="0" justify="lowerright" flipped="False" hidden="False" data="4" />
    </sympin>
    <sympin number="5" originx="200" originy="-400" rotation="180" length="100" width="7.8740157480315" flipped="False">
      <text name="pinname" originx="230" originy="-400" style="Default" rotation="0" justify="left" flipped="False" hidden="False" data="D_1" />
      <text name="pindes" originx="140" originy="-380" style="Default" rotation="0" justify="lowerright" flipped="False" hidden="False" data="5" />
    </sympin>
    <sympin number="6" originx="200" originy="-500" rotation="180" length="100" width="7.8740157480315" flipped="False">
      <text name="pinname" originx="230" originy="-500" style="Default" rotation="0" justify="left" flipped="False" hidden="False" data="D_2" />
      <text name="pindes" originx="140" originy="-480" style="Default" rotation="0" justify="lowerright" flipped="False" hidden="False" data="6" />
    </sympin>
    <sympin number="7" originx="800" originy="0" rotation="0" length="100" width="7.8740157480315" flipped="False">
      <text name="pinname" originx="770" originy="0" style="Default" rotation="0" justify="right" flipped="False" hidden="False" data="D_3" />
      <text name="pindes" originx="860" originy="20" style="Default" rotation="0" justify="lowerleft" flipped="False" hidden="False" data="7" />
    </sympin>
    <sympin number="8" originx="800" originy="-100" rotation="0" length="100" width="7.8740157480315" flipped="False">
      <text name="pinname" originx="770" originy="-100" style="Default" rotation="0" justify="right" flipped="False" hidden="False" data="D_4" />
      <text name="pindes" originx="860" originy="-80" style="Default" rotation="0" justify="lowerleft" flipped="False" hidden="False" data="8" />
    </sympin>
    <sympin number="9" originx="800" originy="-200" rotation="0" length="100" width="7.8740157480315" flipped="False">
      <text name="pinname" originx="770" originy="-200" style="Default" rotation="0" justify="right" flipped="False" hidden="False" data="D_5" />
      <text name="pindes" originx="860" originy="-180" style="Default" rotation="0" justify="lowerleft" flipped="False" hidden="False" data="9" />
    </sympin>
    <sympin number="10" originx="800" originy="-300" rotation="0" length="100" width="7.8740157480315" flipped="False">
      <text name="pinname" originx="770" originy="-300" style="Default" rotation="0" justify="right" flipped="False" hidden="False" data="D_6" />
      <text name="pindes" originx="860" originy="-280" style="Default" rotation="0" justify="lowerleft" flipped="False" hidden="False" data="10" />
    </sympin>
    <sympin number="11" originx="800" originy="-400" rotation="0" length="100" width="7.8740157480315" flipped="False">
      <text name="pinname" originx="770" originy="-400" style="Default" rotation="0" justify="right" flipped="False" hidden="False" data="D_7" />
      <text name="pindes" originx="860" originy="-380" style="Default" rotation="0" justify="lowerleft" flipped="False" hidden="False" data="11" />
    </sympin>
  </symbol>
  <component name="SIRA50DP-T1-RE3" designatorprefix="Q" height="44.094488188976" footprint="SI7852ADPT1GE3">
    <comppin designator="1" sympin="1" pinswap="0" gateswap="0" gate="1" group="1" side="" type="Any" name="S_1" />
    <comppin designator="2" sympin="2" pinswap="0" gateswap="0" gate="1" group="1" side="" type="Any" name="S_2" />
    <comppin designator="3" sympin="3" pinswap="0" gateswap="0" gate="1" group="1" side="" type="Any" name="S_3" />
    <comppin designator="4" sympin="4" pinswap="0" gateswap="0" gate="1" group="1" side="" type="Any" name="G" />
    <comppin designator="5" sympin="5" pinswap="0" gateswap="0" gate="1" group="1" side="" type="Any" name="D_1" />
    <comppin designator="6" sympin="6" pinswap="0" gateswap="0" gate="1" group="1" side="" type="Any" name="D_2" />
    <comppin designator="7" sympin="7" pinswap="0" gateswap="0" gate="1" group="1" side="" type="Any" name="D_3" />
    <comppin designator="8" sympin="8" pinswap="0" gateswap="0" gate="1" group="1" side="" type="Any" name="D_4" />
    <comppin designator="9" sympin="9" pinswap="0" gateswap="0" gate="1" group="1" side="" type="Any" name="D_5" />
    <comppin designator="10" sympin="10" pinswap="0" gateswap="0" gate="1" group="1" side="" type="Any" name="D_6" />
    <comppin designator="11" sympin="11" pinswap="0" gateswap="0" gate="1" group="1" side="" type="Any" name="D_7" />
    <attached_symbol gate="1" name="SIRA50DP-T1-RE3" />
    <pinmap designator="1" footprintpin="1" />
    <pinmap designator="2" footprintpin="2" />
    <pinmap designator="3" footprintpin="3" />
    <pinmap designator="4" footprintpin="4" />
    <pinmap designator="5" footprintpin="5" />
    <pinmap designator="6" footprintpin="6" />
    <pinmap designator="7" footprintpin="7" />
    <pinmap designator="8" footprintpin="8" />
    <pinmap designator="9" footprintpin="9" />
    <pinmap designator="10" footprintpin="10" />
    <pinmap designator="11" footprintpin="11" />
    <text name="Datasheet" originx="0" originy="0" style="Default" rotation="0" justify="" flipped="False" hidden="True" data="https://ms.componentsearchengine.com/Datasheets/2/SIRA50DP-T1-RE3.pdf" />
    <text name="Description" originx="0" originy="0" style="Default" rotation="0" justify="" flipped="False" hidden="True" data="MOSFET 40V Vds 20V Vgs PowerPAK SO-8" />
    <text name="Manufacturer_Name" originx="0" originy="0" style="Default" rotation="0" justify="" flipped="False" hidden="True" data="Vishay" />
    <text name="Manufacturer_Part_Number" originx="850" originy="200" style="Default" rotation="0" justify="left" flipped="False" hidden="False" data="SIRA50DP-T1-RE3" />
    <text name="Mouser Part Number" originx="0" originy="0" style="Default" rotation="0" justify="" flipped="False" hidden="True" data="78-SIRA50DP-T1-RE3" />
    <text name="Mouser Price/Stock" originx="0" originy="0" style="Default" rotation="0" justify="" flipped="False" hidden="True" data="https://www.mouser.co.uk/ProductDetail/Vishay-Siliconix/SIRA50DP-T1-RE3/?qs=chTDxNqvsykRqxCKz2maeQ%3D%3D" />
    <text name="Arrow Part Number" originx="0" originy="0" style="Default" rotation="0" justify="" flipped="False" hidden="True" data="SIRA50DP-T1-RE3" />
    <text name="Arrow Price/Stock" originx="0" originy="0" style="Default" rotation="0" justify="" flipped="False" hidden="True" data="https://www.arrow.com/en/products/sira50dp-t1-re3/vishay" />
  </component>
</quadcept_library>
