<?xml version="1.0" encoding="utf-8"?>
<!--/173431/405177/2.49/2/3/Capacitor/-->
<quadcept_library>
  <setting unit="mil" />
  <textstyle name="Default" height="47.244094488189" strokewidth="7.8740157480315" charwidth="47.244094488189" />
  <textstyle name="Dimension" height="19.6850393700787" strokewidth="0" charwidth="19.6850393700787" />
  <textstyle name="H127W0635TH00762" height="50" strokewidth="3" charwidth="25" />
  <textstyle name="H15W15TH02" height="59.0551181102362" strokewidth="7.8740157480315" charwidth="59.0551181102362" />
  <padstyle name="r430_210" surface="True" plated="False" isvia="False" nopaste="False" nomask="True" complex="False" holesize="0">
    <padshape layer="TOP" shape="rectangle" width="82.67716535433" height="169.29133858268" />
    <padshape layer="TOP_SOLDER_MASK" shape="rectangle" width="90.551181102361" height="177.16535433071" />
    <padshape layer="TOP_SOLDER_PASTE" shape="rectangle" width="82.67716535433" height="169.29133858268" />
  </padstyle>
  <footprint name="CAPAE1030X1050N" originx="0" originy="0" pickpointx="0" pickpointy="0">
    <pcbpin number="1" name="1" style="r430_210" originx="-183.07086614173" originy="0" rotation="90" />
    <pcbpin number="2" name="2" style="r430_210" originx="183.07086614173" originy="0" rotation="90" />
    <line layer="TOP_PLACE_BOUND" originx="-287.40157480315" originy="226.3779527559" endx="287.40157480315" endy="226.3779527559" width="1.9685039370079" />
    <line layer="TOP_PLACE_BOUND" originx="287.40157480315" originy="226.3779527559" endx="287.40157480315" endy="-226.3779527559" width="1.9685039370079" />
    <line layer="TOP_PLACE_BOUND" originx="287.40157480315" originy="-226.3779527559" endx="-287.40157480315" endy="-226.3779527559" width="1.9685039370079" />
    <line layer="TOP_PLACE_BOUND" originx="-287.40157480315" originy="-226.3779527559" endx="-287.40157480315" endy="226.3779527559" width="1.9685039370079" />
    <line layer="TOP_ASSEMBLY" originx="202.75590551181" originy="202.75590551181" endx="-101.3779527559" endy="202.75590551181" width="3.9370078740157" />
    <line layer="TOP_ASSEMBLY" originx="-101.3779527559" originy="202.75590551181" endx="-202.75590551181" endy="101.3779527559" width="3.9370078740157" />
    <line layer="TOP_ASSEMBLY" originx="-202.75590551181" originy="101.3779527559" endx="-202.75590551181" endy="-101.3779527559" width="3.9370078740157" />
    <line layer="TOP_ASSEMBLY" originx="-202.75590551181" originy="-101.3779527559" endx="-101.3779527559" endy="-202.75590551181" width="3.9370078740157" />
    <line layer="TOP_ASSEMBLY" originx="-101.3779527559" originy="-202.75590551181" endx="202.75590551181" endy="-202.75590551181" width="3.9370078740157" />
    <line layer="TOP_ASSEMBLY" originx="202.75590551181" originy="-202.75590551181" endx="202.75590551181" endy="202.75590551181" width="3.9370078740157" />
    <line layer="TOP_SILKSCREEN" originx="-267.71653543307" originy="202.75590551181" endx="202.75590551181" endy="202.75590551181" width="7.8740157480314" />
    <line layer="TOP_SILKSCREEN" originx="-101.3779527559" originy="-202.75590551181" endx="202.75590551181" endy="-202.75590551181" width="7.8740157480314" />
  </footprint>
  <symbol name="EEEFP1C681AP" originx="0" originy="0">
    <line originx="220" originy="100" endx="220" endy="-100" width="0" />
    <line originx="280" originy="100" endx="280" endy="-100" width="0" />
    <line originx="200" originy="0" endx="220" endy="0" width="0" />
    <line originx="280" originy="0" endx="300" endy="0" width="0" />
    <sympin number="1" originx="200" originy="0" rotation="180" length="100" width="7.8740157480315" flipped="False">
      <text name="pinname" originx="0" originy="-10" style="Default" rotation="0" justify="upperleft" flipped="False" hidden="True" data="+" />
      <text name="pindes" originx="0" originy="10" style="Default" rotation="0" justify="lowerleft" flipped="False" hidden="False" data="1" />
    </sympin>
    <sympin number="2" originx="300" originy="0" rotation="0" length="100" width="7.8740157480315" flipped="False">
      <text name="pinname" originx="500" originy="-10" style="Default" rotation="0" justify="upperright" flipped="False" hidden="True" data="-" />
      <text name="pindes" originx="500" originy="10" style="Default" rotation="0" justify="lowerright" flipped="False" hidden="False" data="2" />
    </sympin>
  </symbol>
  <component name="EEEFP1C681AP" designatorprefix="C" height="413.38582677165" footprint="CAPAE1030X1050N">
    <comppin designator="1" sympin="1" pinswap="0" gateswap="0" gate="1" group="1" side="" type="Any" name="+" />
    <comppin designator="2" sympin="2" pinswap="0" gateswap="0" gate="1" group="1" side="" type="Any" name="-" />
    <attached_symbol gate="1" name="EEEFP1C681AP" />
    <pinmap designator="1" footprintpin="1" />
    <pinmap designator="2" footprintpin="2" />
    <text name="Datasheet" originx="0" originy="0" style="Default" rotation="0" justify="" flipped="False" hidden="True" data="https://componentsearchengine.com/Datasheets/2/EEEFP1C681AP.pdf" />
    <text name="Description" originx="0" originy="0" style="Default" rotation="0" justify="" flipped="False" hidden="True" data="PANASONIC - EEEFP1C681AP - SMD Aluminium Electrolytic Capacitor, Radial Can - SMD, 680 F, 16 V, 0.06 ohm, FP Series" />
    <text name="Manufacturer_Name" originx="0" originy="0" style="Default" rotation="0" justify="" flipped="False" hidden="True" data="Panasonic" />
    <text name="Manufacturer_Part_Number" originx="350" originy="150" style="Default" rotation="0" justify="left" flipped="False" hidden="False" data="EEEFP1C681AP" />
    <text name="Mouser Part Number" originx="0" originy="0" style="Default" rotation="0" justify="" flipped="False" hidden="True" data="" />
    <text name="Mouser Price/Stock" originx="0" originy="0" style="Default" rotation="0" justify="" flipped="False" hidden="True" data="" />
    <text name="Arrow Part Number" originx="0" originy="0" style="Default" rotation="0" justify="" flipped="False" hidden="True" data="" />
    <text name="Arrow Price/Stock" originx="0" originy="0" style="Default" rotation="0" justify="" flipped="False" hidden="True" data="" />
  </component>
</quadcept_library>
